id,technology,status_code,status_ar,phase,priority,dependencies,owner_role,shared_track,evidence_refs,evidence_paths,gap_or_extension,acceptance_test,integration_snapshot,primary_package,package_anchor,execution_state
A001,Agentic Planning,P,جزئي أو أساس قريب,R4,P1,R2;R3,Agent + QA,وكيل إصلاح محدود وقابل للقياس,E04,packages/cells/celia/planner/src/grok.js;packages/cells/celia/executor/src/executor.js;packages/cells/celia/executor/src/tool-registry.js;packages/cells/celia/executor/src/adaptive-dag.js;tools/dag-executor.mjs,planner وDAG موجودان؛ يلزم تخطيط مقيد موصول بالتحقق,خطة متعددة الخطوات تحقق الهدف ضمن الميزانية وترفض خطوة غير مأذونة,CONNECTED_LIMITED,P12,nexa-execution-plan.ar.md#p12,PLANNED_NOT_IMPLEMENTED_BY_THIS_DOCUMENT
A002,ReAct,P,جزئي أو أساس قريب,R4,P1,R2;R3,Agent + QA,وكيل إصلاح محدود وقابل للقياس,"E04,E05",packages/cells/celia/planner/src/grok.js;packages/cells/celia/executor/src/executor.js;packages/cells/celia/executor/src/tool-registry.js;packages/cells/celia/executor/src/adaptive-dag.js;tools/dag-executor.mjs;packages/runtime/src/machine.js;packages/runtime/src/authority.js;packages/runtime/src/session.js;packages/runtime/src/healer.js;packages/runtime/src/breaker.js;tests/omega-runtime.test.js,توحيد دورة ملاحظة ثم اقتراح فعل ثم نتيجة عبر gateway,كل فعل يمر بالتفويض؛ توقف محدد عند تكرار الفشل,NOT_CONNECTED,P12,nexa-execution-plan.ar.md#p12,PLANNED_NOT_IMPLEMENTED_BY_THIS_DOCUMENT
A003,Reflection,M,موجود محليًا محدود,R4,P1,R2;R3,Agent + QA,وكيل إصلاح محدود وقابل للقياس,E06,packages/learning/src/reflection.js;packages/learning/src/knowledge.js;packages/learning/src/hypothesis.js;packages/learning/src/benchmark.js;packages/learning/src/learner.js;tests/omega-learning.test.js,إعادة استخدام reflect الحقيقي وربطه بنتائج أدوات حقيقية,إعادة حساب findings من الأدلة نفسها دون منح صلاحيات,CONNECTED_LIMITED,P12,nexa-execution-plan.ar.md#p12,PLANNED_NOT_IMPLEMENTED_BY_THIS_DOCUMENT
A004,Self-Critique,P,جزئي أو أساس قريب,R4,P1,R2;R3,Agent + QA,وكيل إصلاح محدود وقابل للقياس,E06,packages/learning/src/reflection.js;packages/learning/src/knowledge.js;packages/learning/src/hypothesis.js;packages/learning/src/benchmark.js;packages/learning/src/learner.js;tests/omega-learning.test.js,إضافة rubric نقد مستقل عن النموذج المنشئ,يلتقط عيوبًا مزروعة ولا يرفض نتائج صحيحة فوق الحد المتفق,CONNECTED_LIMITED,P12,nexa-execution-plan.ar.md#p12,PLANNED_NOT_IMPLEMENTED_BY_THIS_DOCUMENT
A005,Self-Verification,P,جزئي أو أساس قريب,R4,P1,R2;R3,Agent + QA,وكيل إصلاح محدود وقابل للقياس,"E06,E10",packages/learning/src/reflection.js;packages/learning/src/knowledge.js;packages/learning/src/hypothesis.js;packages/learning/src/benchmark.js;packages/learning/src/learner.js;tests/omega-learning.test.js;packages/evidence/index.js;packages/runtime/src/ledger.js;packages/cells/celia/executor/src/event-sourcing.js;tests/evidence.test.js,ربط claims بالاختبارات والمصادر لا بتأكيد النموذج نفسه,الادعاء غير المدعوم يبقى غير متحقق مع بيان السبب,CONNECTED_LIMITED,P12,nexa-execution-plan.ar.md#p12,PLANNED_NOT_IMPLEMENTED_BY_THIS_DOCUMENT
A006,Self-Correction,P,جزئي أو أساس قريب,R4,P1,R2;R3,Agent + QA,وكيل إصلاح محدود وقابل للقياس,"E05,E09",packages/runtime/src/machine.js;packages/runtime/src/authority.js;packages/runtime/src/session.js;packages/runtime/src/healer.js;packages/runtime/src/breaker.js;tests/omega-runtime.test.js;tools/celia-workspace-write-auth.mjs;tools/celia-workspace-commit-auth.mjs;tools/celia-workspace-commit-port.mjs;tools/celia-commit-consumption-store.mjs;tools/celia-workspace-port.mjs;tests/celia-workspace-commit-hardening.test.js;tests/celia-workspace-commit-persistence.test.js;docs/celia-workspace-commit-h1-persistence.ar.md,توسيع healer إلى اقتراح إصلاح ثم اختبار وموافقة,تحسن مقاس؛ لا retry لرفض الصلاحية ولا حلقة بلا نهاية,BLOCKED,P12,nexa-execution-plan.ar.md#p12,PLANNED_NOT_IMPLEMENTED_BY_THIS_DOCUMENT
A007,Tree of Thoughts,N,غير ظاهر في نطاق الفحص,R7,P2,R4;R5;R6-if-learned,Agent + Evaluation,مسارات ووكلاء ومحاكاة مقاسة,"E00,E24",packages/cells/celia/infinite/src/multiverse-engine.js;packages/cells/celia/infinite/src/swarm-pheromone.js;packages/cells/celia/dsl/src/consensus-dsl.js,بحث محدود في شجرة خطط مرشحة لا كشف تفكير داخلي,يقارن baseline أحادي المسار تحت ميزانية ثابتة وشرط توقف,NOT_CONNECTED,P16,nexa-execution-plan.ar.md#p16,PLANNED_NOT_IMPLEMENTED_BY_THIS_DOCUMENT
A008,Graph of Thoughts,N,غير ظاهر في نطاق الفحص,R7,P2,R4;R5;R6-if-learned,Agent + Evaluation,مسارات ووكلاء ومحاكاة مقاسة,"E00,E24",packages/cells/celia/infinite/src/multiverse-engine.js;packages/cells/celia/infinite/src/swarm-pheromone.js;packages/cells/celia/dsl/src/consensus-dsl.js,رسم فرضيات وخطط مع dedup وتبعيات ومصادر,كشف الدورات وإعادة استخدام العقد دون تضخيم عدد الأدلة,NOT_CONNECTED,P16,nexa-execution-plan.ar.md#p16,PLANNED_NOT_IMPLEMENTED_BY_THIS_DOCUMENT
A009,Chain of Thought,P,جزئي أو أساس قريب,R4,P1,R2;R3,Agent + QA,وكيل إصلاح محدود وقابل للقياس,E04,packages/cells/celia/planner/src/grok.js;packages/cells/celia/executor/src/executor.js;packages/cells/celia/executor/src/tool-registry.js;packages/cells/celia/executor/src/adaptive-dag.js;tools/dag-executor.mjs,خطط وملخصات تبرير قابلة للتدقيق لا تخزين التفكير الخاص,عرض قرارات وأدلة مختصرة دون أسرار أو اعتماد على نص خفي,NOT_CONNECTED,P12,nexa-execution-plan.ar.md#p12,PLANNED_NOT_IMPLEMENTED_BY_THIS_DOCUMENT
A010,Least-to-Most Reasoning,N,غير ظاهر في نطاق الفحص,R4,P1,R2;R3,Agent + QA,وكيل إصلاح محدود وقابل للقياس,"E00,E04",packages/cells/celia/planner/src/grok.js;packages/cells/celia/executor/src/executor.js;packages/cells/celia/executor/src/tool-registry.js;packages/cells/celia/executor/src/adaptive-dag.js;tools/dag-executor.mjs,منظم مسائل فرعية مرتبة حسب التبعيات والصعوبة,كل مسألة فرعية تنتج مخرجًا متحققًا قبل التي تعتمد عليها,NOT_CONNECTED,P12,nexa-execution-plan.ar.md#p12,PLANNED_NOT_IMPLEMENTED_BY_THIS_DOCUMENT
A011,Self-Consistency,N,غير ظاهر في نطاق الفحص,R7,P2,R4;R5;R6-if-learned,Agent + Evaluation,مسارات ووكلاء ومحاكاة مقاسة,"E00,E24",packages/cells/celia/infinite/src/multiverse-engine.js;packages/cells/celia/infinite/src/swarm-pheromone.js;packages/cells/celia/dsl/src/consensus-dsl.js,مقارنة إجابات مستقلة موثقة مع الامتناع عند التعارض,لا يحوّل اتفاق نماذج على الخطأ إلى حقيقة مثبتة,NOT_CONNECTED,P16,nexa-execution-plan.ar.md#p16,PLANNED_NOT_IMPLEMENTED_BY_THIS_DOCUMENT
A012,Tool Calling,P,جزئي أو أساس قريب,R1,P0,R0,Security + Platform,بوابة تنفيذ وعزل وهوية موحدة,"E01,E04",packages/identity/index.js;packages/crypto/index.js;packages/capability/index.js;packages/policy/src/rules.js;packages/protocol/index.js;packages/ast/index.js;tests/capability.test.js;tests/endpoint.test.js;tests/security.test.js;packages/cells/celia/planner/src/grok.js;packages/cells/celia/executor/src/executor.js;packages/cells/celia/executor/src/tool-registry.js;packages/cells/celia/executor/src/adaptive-dag.js;tools/dag-executor.mjs,جمع الأدوات الحقيقية تحت gateway بلا mock-success,هوية وقدرة وسياسة لكل استدعاء مع denied-no-effects,CONNECTED_LIMITED,P04,nexa-execution-plan.ar.md#p04,PLANNED_NOT_IMPLEMENTED_BY_THIS_DOCUMENT
A013,Function Calling,P,جزئي أو أساس قريب,R3,P1,R1;R2,Integrations + Platform,موصلات وتوجيه وسياق,"E01,E04",packages/identity/index.js;packages/crypto/index.js;packages/capability/index.js;packages/policy/src/rules.js;packages/protocol/index.js;packages/ast/index.js;tests/capability.test.js;tests/endpoint.test.js;tests/security.test.js;packages/cells/celia/planner/src/grok.js;packages/cells/celia/executor/src/executor.js;packages/cells/celia/executor/src/tool-registry.js;packages/cells/celia/executor/src/adaptive-dag.js;tools/dag-executor.mjs,سجل وظائف محدود بعقود inputs وoutputs وإصدار ثابت,رفض وظيفة أو حقل غير معروف ومنع arbitrary code evaluation,CONNECTED_LIMITED,P10,nexa-execution-plan.ar.md#p10,PLANNED_NOT_IMPLEMENTED_BY_THIS_DOCUMENT
A014,MCP,M,موجود محليًا محدود,R3,P1,R1;R2,Integrations + Platform,موصلات وتوجيه وسياق,E02,adapters/mcp/src/bridge.js;tests/mcp.test.js,إعادة استخدام bridge؛ إضافة اتصالات خوادم موثوقة بإصدارات مثبتة,contract tests ونقل فعلي مع استمرار إغلاق الأدوات المحظورة,NOT_CONNECTED,P10,nexa-execution-plan.ar.md#p10,PLANNED_NOT_IMPLEMENTED_BY_THIS_DOCUMENT
A015,Tool Routing,P,جزئي أو أساس قريب,R3,P1,R1;R2,Integrations + Platform,موصلات وتوجيه وسياق,E04,packages/cells/celia/planner/src/grok.js;packages/cells/celia/executor/src/executor.js;packages/cells/celia/executor/src/tool-registry.js;packages/cells/celia/executor/src/adaptive-dag.js;tools/dag-executor.mjs,توجيه حتمي بحسب العقد والصلاحية والتكلفة,لا اختيار أداة لا يملك طالبها القدرة عليها,NOT_CONNECTED,P10,nexa-execution-plan.ar.md#p10,PLANNED_NOT_IMPLEMENTED_BY_THIS_DOCUMENT
A016,Model Routing,P,جزئي أو أساس قريب,R3,P1,R1;R2,Integrations + Platform,موصلات وتوجيه وسياق,E03,packages/runtime/src/providers.js;tools/celia-grok-port.mjs,سجل model capabilities وتقييم جودة/كمون فعلي,مهمة ذات schema أو لغة مطلوبة لا توجه لنموذج غير داعم,NOT_CONNECTED,P10,nexa-execution-plan.ar.md#p10,PLANNED_NOT_IMPLEMENTED_BY_THIS_DOCUMENT
A017,Provider Routing,P,جزئي أو أساس قريب,R3,P1,R1;R2,Integrations + Platform,موصلات وتوجيه وسياق,E03,packages/runtime/src/providers.js;tools/celia-grok-port.mjs,توسيع registry بموصلات فعلية ومناطق وخصوصية معلنة,طلب حقيقي موثق؛ لا تحول صامت إلى رد mock,NOT_CONNECTED,P10,nexa-execution-plan.ar.md#p10,PLANNED_NOT_IMPLEMENTED_BY_THIS_DOCUMENT
A018,Mixture of Experts,N,غير ظاهر في نطاق الفحص,R8,P3,R1;R2;use-case-ADR;R5/R6-if-training,ML/Formal/Infrastructure حسب ADR,بحث وتكامل نموذج/عتاد مشروط,E00,,ميزة معمارية لنموذج مُدار وليست مجرد provider router,دليل خبراء وgating في runtime وقياس جودة وتكلفة على عتاد محدد,NOT_CONNECTED,P17,nexa-execution-plan.ar.md#p17,PLANNED_NOT_IMPLEMENTED_BY_THIS_DOCUMENT
A019,Ensemble AI,N,غير ظاهر في نطاق الفحص,R7,P2,R4;R5;R6-if-learned,Agent + Evaluation,مسارات ووكلاء ومحاكاة مقاسة,"E00,E24",packages/cells/celia/infinite/src/multiverse-engine.js;packages/cells/celia/infinite/src/swarm-pheromone.js;packages/cells/celia/dsl/src/consensus-dsl.js,دمج نتائج نماذج مع حدود التكلفة واستقلال التقييم,يتفوق على أفضل baseline بهامش معلن ولا يزيد المخاطر,NOT_CONNECTED,P16,nexa-execution-plan.ar.md#p16,PLANNED_NOT_IMPLEMENTED_BY_THIS_DOCUMENT
A020,Model Cascading,N,غير ظاهر في نطاق الفحص,R3,P1,R1;R2,Integrations + Platform,موصلات وتوجيه وسياق,"E00,E03",packages/runtime/src/providers.js;tools/celia-grok-port.mjs,تصعيد مشروط من نموذج اقتصادي لآخر أقوى,عتبة جودة ثابتة مسبقًا وتكلفة محسوبة لكل تصعيد,NOT_CONNECTED,P10,nexa-execution-plan.ar.md#p10,PLANNED_NOT_IMPLEMENTED_BY_THIS_DOCUMENT
A021,Fallback Models,P,جزئي أو أساس قريب,R3,P1,R1;R2,Integrations + Platform,موصلات وتوجيه وسياق,E03,packages/runtime/src/providers.js;tools/celia-grok-port.mjs,تحويل fallback declarations إلى سياسة أعطال تشغيلية محددة,محاكاة timeout/429؛ لا fallback يتجاوز الخصوصية أو الصلاحية,NOT_CONNECTED,P10,nexa-execution-plan.ar.md#p10,PLANNED_NOT_IMPLEMENTED_BY_THIS_DOCUMENT
A022,Semantic Cache,N,غير ظاهر في نطاق الفحص,R3,P1,R1;R2,Integrations + Platform,موصلات وتوجيه وسياق,"E00,E07",packages/runtime/src/memory.js;packages/cells/celia/memory/src/lifecycle.js;packages/cells/celia/memory/src/procedural-store.js;packages/cells/celia/memory/src/belief-engine.js;packages/cells/celia/memory/src/governed-engine.js;packages/cells/celia/memory/src/vector-store.js,cache تشابه مستقل عن semantic memory ومعزول بالهوية,قياس false hits وعدم إعادة إجابة تخص tenant أو إصدارًا آخر,NOT_CONNECTED,P10,nexa-execution-plan.ar.md#p10,PLANNED_NOT_IMPLEMENTED_BY_THIS_DOCUMENT
A023,Response Cache,N,غير ظاهر في نطاق الفحص,R3,P1,R1;R2,Integrations + Platform,موصلات وتوجيه وسياق,E00,,cache دقيق لإجابات read-only مع TTL وإبطال محدد,تغير السياق أو الصلاحية أو النموذج يبطل الإدخال,NOT_CONNECTED,P10,nexa-execution-plan.ar.md#p10,PLANNED_NOT_IMPLEMENTED_BY_THIS_DOCUMENT
A024,Prompt Cache,N,غير ظاهر في نطاق الفحص,R3,P1,R1;R2,Integrations + Platform,موصلات وتوجيه وسياق,"E00,E03",packages/runtime/src/providers.js;tools/celia-grok-port.mjs,دعم prefix caching لدى provider الداعم فقط,قياس hit وتكلفة حقيقيان دون اشتراك prefix سري بين المستخدمين,NOT_CONNECTED,P10,nexa-execution-plan.ar.md#p10,PLANNED_NOT_IMPLEMENTED_BY_THIS_DOCUMENT
A025,KV Cache,D,ديمو/محاكاة,R8,P3,R1;R2;use-case-ADR;R5/R6-if-training,ML/Formal/Infrastructure حسب ADR,بحث وتكامل نموذج/عتاد مشروط,E21,packages/cells/celia/infinite/src/kv-cache-dedup.js;packages/cells/celia/dsl/src/pmplspec.js,ملف حالي يخزن صفحات tokens لا K/V tensors؛ استخدم runtime متخصصًا,قياس ذاكرة وكمون فعليين وفصل السياقات دون ادعاءات نسب ثابتة,NOT_CONNECTED,P17,nexa-execution-plan.ar.md#p17,PLANNED_NOT_IMPLEMENTED_BY_THIS_DOCUMENT
A026,Working Memory,P,جزئي أو أساس قريب,R2,P1,R1,Backend + Data + SRE,حالة وبيانات وتشغيل دائم,E07,packages/runtime/src/memory.js;packages/cells/celia/memory/src/lifecycle.js;packages/cells/celia/memory/src/procedural-store.js;packages/cells/celia/memory/src/belief-engine.js;packages/cells/celia/memory/src/governed-engine.js;packages/cells/celia/memory/src/vector-store.js,توسيع tiers المحلية بسياق مهمة معزول محدود,تنتقل السياقات المسموح بها فقط ولا تتسرب بين المهام,CONNECTED_LIMITED,P06,nexa-execution-plan.ar.md#p06,PLANNED_NOT_IMPLEMENTED_BY_THIS_DOCUMENT
A027,Episodic Memory,P,جزئي أو أساس قريب,R2,P1,R1,Backend + Data + SRE,حالة وبيانات وتشغيل دائم,"E07,E08",packages/runtime/src/memory.js;packages/cells/celia/memory/src/lifecycle.js;packages/cells/celia/memory/src/procedural-store.js;packages/cells/celia/memory/src/belief-engine.js;packages/cells/celia/memory/src/governed-engine.js;packages/cells/celia/memory/src/vector-store.js;tools/celia-memory-port.mjs;tools/celia-vector-port.mjs;supabase/migrations/20260920_celia_memory_init.sql;supabase/migrations/20260921_pgvector.sql,أحداث تجارب مرتبطة بالمصدر والهوية ومدة الاحتفاظ,استرجاع تجربة صحيحة مع provenance وعدم خلط أصحابها,NOT_CONNECTED,P06,nexa-execution-plan.ar.md#p06,PLANNED_NOT_IMPLEMENTED_BY_THIS_DOCUMENT
A028,Semantic Memory,P,جزئي أو أساس قريب,R2,P1,R1,Backend + Data + SRE,حالة وبيانات وتشغيل دائم,"E07,E08",packages/runtime/src/memory.js;packages/cells/celia/memory/src/lifecycle.js;packages/cells/celia/memory/src/procedural-store.js;packages/cells/celia/memory/src/belief-engine.js;packages/cells/celia/memory/src/governed-engine.js;packages/cells/celia/memory/src/vector-store.js;tools/celia-memory-port.mjs;tools/celia-vector-port.mjs;supabase/migrations/20260920_celia_memory_init.sql;supabase/migrations/20260921_pgvector.sql,استبدال hash embeddings في الإنتاج وتمييز facts عن hypotheses,مقياس retrieval على بيانات عربية وإنجليزية منفصلة,NOT_CONNECTED,P06,nexa-execution-plan.ar.md#p06,PLANNED_NOT_IMPLEMENTED_BY_THIS_DOCUMENT
A029,Procedural Memory,P,جزئي أو أساس قريب,R4,P1,R2;R3,Agent + QA,وكيل إصلاح محدود وقابل للقياس,E07,packages/runtime/src/memory.js;packages/cells/celia/memory/src/lifecycle.js;packages/cells/celia/memory/src/procedural-store.js;packages/cells/celia/memory/src/belief-engine.js;packages/cells/celia/memory/src/governed-engine.js;packages/cells/celia/memory/src/vector-store.js,تعزيز recipes الحالية بعقود preconditions وإصدارات وأدلة,لا إعادة وصفة تغيرت شروطها أو سُحب اعتمادها,NOT_CONNECTED,P12,nexa-execution-plan.ar.md#p12,PLANNED_NOT_IMPLEMENTED_BY_THIS_DOCUMENT
A030,Long-Term Memory,P,جزئي أو أساس قريب,R2,P1,R1,Backend + Data + SRE,حالة وبيانات وتشغيل دائم,"E07,E08",packages/runtime/src/memory.js;packages/cells/celia/memory/src/lifecycle.js;packages/cells/celia/memory/src/procedural-store.js;packages/cells/celia/memory/src/belief-engine.js;packages/cells/celia/memory/src/governed-engine.js;packages/cells/celia/memory/src/vector-store.js;tools/celia-memory-port.mjs;tools/celia-vector-port.mjs;supabase/migrations/20260920_celia_memory_init.sql;supabase/migrations/20260921_pgvector.sql,إضافة مخزن دائم مع ownership وحذف واسترجاع بعد restart,اختبارات restart وbackup/restore وعزل A/B حقيقية,NOT_CONNECTED,P06,nexa-execution-plan.ar.md#p06,PLANNED_NOT_IMPLEMENTED_BY_THIS_DOCUMENT
A031,Short-Term Memory,P,جزئي أو أساس قريب,R2,P1,R1,Backend + Data + SRE,حالة وبيانات وتشغيل دائم,"E05,E07",packages/runtime/src/machine.js;packages/runtime/src/authority.js;packages/runtime/src/session.js;packages/runtime/src/healer.js;packages/runtime/src/breaker.js;tests/omega-runtime.test.js;packages/runtime/src/memory.js;packages/cells/celia/memory/src/lifecycle.js;packages/cells/celia/memory/src/procedural-store.js;packages/cells/celia/memory/src/belief-engine.js;packages/cells/celia/memory/src/governed-engine.js;packages/cells/celia/memory/src/vector-store.js,TTL وحدود ذاكرة للجلسة بدل Maps غير محدودة,انتهاء الجلسة يمحو السياق المؤقت ولا يمس الأدلة المطلوبة,CONNECTED_LIMITED,P06,nexa-execution-plan.ar.md#p06,PLANNED_NOT_IMPLEMENTED_BY_THIS_DOCUMENT
A032,Memory Consolidation,P,جزئي أو أساس قريب,R2,P1,R1,Backend + Data + SRE,حالة وبيانات وتشغيل دائم,E07,packages/runtime/src/memory.js;packages/cells/celia/memory/src/lifecycle.js;packages/cells/celia/memory/src/procedural-store.js;packages/cells/celia/memory/src/belief-engine.js;packages/cells/celia/memory/src/governed-engine.js;packages/cells/celia/memory/src/vector-store.js,دمج الذكريات المتوافقة مع الاحتفاظ بالنسب والتعارض,كل ملخص يعود إلى المصادر ولا يسقط واقعة مخالفة,NOT_CONNECTED,P06,nexa-execution-plan.ar.md#p06,PLANNED_NOT_IMPLEMENTED_BY_THIS_DOCUMENT
A033,Memory Decay,P,جزئي أو أساس قريب,R2,P1,R1,Backend + Data + SRE,حالة وبيانات وتشغيل دائم,E07,packages/runtime/src/memory.js;packages/cells/celia/memory/src/lifecycle.js;packages/cells/celia/memory/src/procedural-store.js;packages/cells/celia/memory/src/belief-engine.js;packages/cells/celia/memory/src/governed-engine.js;packages/cells/celia/memory/src/vector-store.js,تقنين utility/forgetting مع استثناءات retention وlegal hold,اختبارات زمنية حتمية وعدم إحياء سجل محذوف,NOT_CONNECTED,P06,nexa-execution-plan.ar.md#p06,PLANNED_NOT_IMPLEMENTED_BY_THIS_DOCUMENT
A034,Memory Retrieval,P,جزئي أو أساس قريب,R2,P1,R1,Backend + Data + SRE,حالة وبيانات وتشغيل دائم,"E07,E08",packages/runtime/src/memory.js;packages/cells/celia/memory/src/lifecycle.js;packages/cells/celia/memory/src/procedural-store.js;packages/cells/celia/memory/src/belief-engine.js;packages/cells/celia/memory/src/governed-engine.js;packages/cells/celia/memory/src/vector-store.js;tools/celia-memory-port.mjs;tools/celia-vector-port.mjs;supabase/migrations/20260920_celia_memory_init.sql;supabase/migrations/20260921_pgvector.sql,فلترة التفويض قبل retrieval ثم reranking مقاس,لا تسريب قبل أو بعد ترتيب top-k وقياس recall/precision,NOT_CONNECTED,P06,nexa-execution-plan.ar.md#p06,PLANNED_NOT_IMPLEMENTED_BY_THIS_DOCUMENT
A035,Context Compression,N,غير ظاهر في نطاق الفحص,R3,P1,R1;R2,Integrations + Platform,موصلات وتوجيه وسياق,"E00,E25",packages/cells/celia/dsl/src/ctxql.js;packages/cells/celia/dsl/src/flow-dsl.js;packages/cells/celia/dsl/src/caplang.js;packages/cells/celia/dsl/src/replay-dsl.js,ضغط محافظ على القيود والمراجع لا حذف عشوائي,نجاح المهام لا ينخفض خارج الهامش عند تقليل tokens,NOT_CONNECTED,P10,nexa-execution-plan.ar.md#p10,PLANNED_NOT_IMPLEMENTED_BY_THIS_DOCUMENT
A036,Context Summarization,N,غير ظاهر في نطاق الفحص,R3,P1,R1;R2,Integrations + Platform,موصلات وتوجيه وسياق,"E00,E25",packages/cells/celia/dsl/src/ctxql.js;packages/cells/celia/dsl/src/flow-dsl.js;packages/cells/celia/dsl/src/caplang.js;packages/cells/celia/dsl/src/replay-dsl.js,ملخصات مربوطة بالرسائل وموسومة بدرجة تحققها,عدم اختراع قرارات أو إسقاط قيد أمني في مجموعة الاختبار,NOT_CONNECTED,P10,nexa-execution-plan.ar.md#p10,PLANNED_NOT_IMPLEMENTED_BY_THIS_DOCUMENT
A037,Context Management,P,جزئي أو أساس قريب,R3,P1,R1;R2,Integrations + Platform,موصلات وتوجيه وسياق,"E04,E25",packages/cells/celia/planner/src/grok.js;packages/cells/celia/executor/src/executor.js;packages/cells/celia/executor/src/tool-registry.js;packages/cells/celia/executor/src/adaptive-dag.js;tools/dag-executor.mjs;packages/cells/celia/dsl/src/ctxql.js;packages/cells/celia/dsl/src/flow-dsl.js;packages/cells/celia/dsl/src/caplang.js;packages/cells/celia/dsl/src/replay-dsl.js,توسيع CtxQL إلى ميزانية نافذة tokenizer فعلية,لا تجاوز للنافذة مع الحفاظ على تعليمات السياسة والمصادر,NOT_CONNECTED,P10,nexa-execution-plan.ar.md#p10,PLANNED_NOT_IMPLEMENTED_BY_THIS_DOCUMENT
A038,Prompt Engineering,P,جزئي أو أساس قريب,R3,P1,R1;R2,Integrations + Platform,موصلات وتوجيه وسياق,E03,packages/runtime/src/providers.js;tools/celia-grok-port.mjs,نقل prompts المضمّنة إلى قوالب مسماة بإصدارات ومراجعة,كل تغيير له diff وeval ويمكن الرجوع عنه,NOT_CONNECTED,P10,nexa-execution-plan.ar.md#p10,PLANNED_NOT_IMPLEMENTED_BY_THIS_DOCUMENT
A039,Prompt Chaining,P,جزئي أو أساس قريب,R4,P1,R2;R3,Agent + QA,وكيل إصلاح محدود وقابل للقياس,"E04,E25",packages/cells/celia/planner/src/grok.js;packages/cells/celia/executor/src/executor.js;packages/cells/celia/executor/src/tool-registry.js;packages/cells/celia/executor/src/adaptive-dag.js;tools/dag-executor.mjs;packages/cells/celia/dsl/src/ctxql.js;packages/cells/celia/dsl/src/flow-dsl.js;packages/cells/celia/dsl/src/caplang.js;packages/cells/celia/dsl/src/replay-dsl.js,ربط prompts بعقود typed لا تمرير نصوص حرة كأوامر,المرحلة التالية ترفض مخرجًا يخالف schema,NOT_CONNECTED,P12,nexa-execution-plan.ar.md#p12,PLANNED_NOT_IMPLEMENTED_BY_THIS_DOCUMENT
A040,Dynamic Prompting,P,جزئي أو أساس قريب,R3,P1,R1;R2,Integrations + Platform,موصلات وتوجيه وسياق,E04,packages/cells/celia/planner/src/grok.js;packages/cells/celia/executor/src/executor.js;packages/cells/celia/executor/src/tool-registry.js;packages/cells/celia/executor/src/adaptive-dag.js;tools/dag-executor.mjs,بناء السياق من بيانات مصنفة الثقة وميزانية محددة,نص مستخدم أو بحث لا يستبدل سياسة النظام,NOT_CONNECTED,P10,nexa-execution-plan.ar.md#p10,PLANNED_NOT_IMPLEMENTED_BY_THIS_DOCUMENT
A041,Prompt Optimization,N,غير ظاهر في نطاق الفحص,R6,P2,R2;R4;R5;reviewed-data,ML + Evaluation,تعلم مرشح وتقييم ومعايرة,"E00,E11",packages/cells/celia/learning/src/data.js;packages/cells/celia/learning/src/models.js;tools/celia-learning-store.mjs;tools/celia-learning.mjs;tests/celia-learning.test.js;docs/celia-adaptive-learning.ar.md,بحث offline في القوالب على train/validation مع إصدار مرشح,تحسن على holdout جديد دون data leakage أو ترقية تلقائية,NOT_CONNECTED,P14,nexa-execution-plan.ar.md#p14,PLANNED_NOT_IMPLEMENTED_BY_THIS_DOCUMENT
A042,Structured Outputs,P,جزئي أو أساس قريب,R3,P1,R1;R2,Integrations + Platform,موصلات وتوجيه وسياق,"E03,E04",packages/runtime/src/providers.js;tools/celia-grok-port.mjs;packages/cells/celia/planner/src/grok.js;packages/cells/celia/executor/src/executor.js;packages/cells/celia/executor/src/tool-registry.js;packages/cells/celia/executor/src/adaptive-dag.js;tools/dag-executor.mjs,تعميم المخرجات المقيدة والتحقق بعد provider لا JSON فقط,رفض truncation وrefusal وشكل خاطئ دون تنفيذ جزئي,CONNECTED_LIMITED,P10,nexa-execution-plan.ar.md#p10,PLANNED_NOT_IMPLEMENTED_BY_THIS_DOCUMENT
A043,JSON Schema Validation,P,جزئي أو أساس قريب,R1,P0,R0,Security + Platform,بوابة تنفيذ وعزل وهوية موحدة,"E01,E04",packages/identity/index.js;packages/crypto/index.js;packages/capability/index.js;packages/policy/src/rules.js;packages/protocol/index.js;packages/ast/index.js;tests/capability.test.js;tests/endpoint.test.js;tests/security.test.js;packages/cells/celia/planner/src/grok.js;packages/cells/celia/executor/src/executor.js;packages/cells/celia/executor/src/tool-registry.js;packages/cells/celia/executor/src/adaptive-dag.js;tools/dag-executor.mjs,validators مخصصة موجودة؛ يلزم profile schema موحد بإصدار,additionalProperties والحدود والأنواع تفرض على كل منفذ,NOT_CONNECTED,P04,nexa-execution-plan.ar.md#p04,PLANNED_NOT_IMPLEMENTED_BY_THIS_DOCUMENT
A044,Guardrails,P,جزئي أو أساس قريب,R1,P0,R0,Security + Platform,بوابة تنفيذ وعزل وهوية موحدة,"E01,E17",packages/identity/index.js;packages/crypto/index.js;packages/capability/index.js;packages/policy/src/rules.js;packages/protocol/index.js;packages/ast/index.js;tests/capability.test.js;tests/endpoint.test.js;tests/security.test.js;tools/celia-dashboard-server.mjs;tools/check-metrics.mjs;packages/cells/celia/ultimate/src/egress-proxy.js,تغطية حدود التطبيق لا الاكتفاء بمرشحات نصية,اختبارات تجاوز مباشرة وغير مباشرة تفشل بلا أثر خارجي,CONNECTED_LIMITED,P04,nexa-execution-plan.ar.md#p04,PLANNED_NOT_IMPLEMENTED_BY_THIS_DOCUMENT
A045,Policy Engine,M,موجود محليًا محدود,R1,P0,R0,Security + Platform,بوابة تنفيذ وعزل وهوية موحدة,E01,packages/identity/index.js;packages/crypto/index.js;packages/capability/index.js;packages/policy/src/rules.js;packages/protocol/index.js;packages/ast/index.js;tests/capability.test.js;tests/endpoint.test.js;tests/security.test.js,الحفاظ على default-deny وإعادة استخدام المحرك في كل route,ALLOW لا يفتح hard gate مغلقًا؛ السياسة قابلة لإعادة التحقق,CONNECTED_LIMITED,P04,nexa-execution-plan.ar.md#p04,PLANNED_NOT_IMPLEMENTED_BY_THIS_DOCUMENT
A046,Authorization Engine,P,جزئي أو أساس قريب,R1,P0,R0,Security + Platform,بوابة تنفيذ وعزل وهوية موحدة,"E01,E09",packages/identity/index.js;packages/crypto/index.js;packages/capability/index.js;packages/policy/src/rules.js;packages/protocol/index.js;packages/ast/index.js;tests/capability.test.js;tests/endpoint.test.js;tests/security.test.js;tools/celia-workspace-write-auth.mjs;tools/celia-workspace-commit-auth.mjs;tools/celia-workspace-commit-port.mjs;tools/celia-commit-consumption-store.mjs;tools/celia-workspace-port.mjs;tests/celia-workspace-commit-hardening.test.js;tests/celia-workspace-commit-persistence.test.js;docs/celia-workspace-commit-h1-persistence.ar.md,تعميم المسار الصحيح على create/rollback وبقية mutations,401/403 يحافظان على الملفات؛ تفويض صحيح محدود فقط ينجح,CONNECTED_LIMITED,P04,nexa-execution-plan.ar.md#p04,PLANNED_NOT_IMPLEMENTED_BY_THIS_DOCUMENT
A047,Capability System,M,موجود محليًا محدود,R1,P0,R0,Security + Platform,بوابة تنفيذ وعزل وهوية موحدة,E01,packages/identity/index.js;packages/crypto/index.js;packages/capability/index.js;packages/policy/src/rules.js;packages/protocol/index.js;packages/ast/index.js;tests/capability.test.js;tests/endpoint.test.js;tests/security.test.js,القدرات الحالية أساس موحد لا يعاد اختراعه,تفويض متناقص فقط واختبارات منع amplification,CONNECTED_LIMITED,P04,nexa-execution-plan.ar.md#p04,PLANNED_NOT_IMPLEMENTED_BY_THIS_DOCUMENT
A048,Capability Tokens,M,موجود محليًا محدود,R1,P0,R0,Security + Platform,بوابة تنفيذ وعزل وهوية موحدة,E01,packages/identity/index.js;packages/crypto/index.js;packages/capability/index.js;packages/policy/src/rules.js;packages/protocol/index.js;packages/ast/index.js;tests/capability.test.js;tests/endpoint.test.js;tests/security.test.js,الحفاظ على التوقيع والنطاق والزمن وحدود الاستخدام,رفض تزوير أو issuer غير موثوق أو audience أو state خاطئ,CONNECTED_LIMITED,P04,nexa-execution-plan.ar.md#p04,PLANNED_NOT_IMPLEMENTED_BY_THIS_DOCUMENT
A049,RBAC,P,جزئي أو أساس قريب,R1,P0,R0,Security + Platform,بوابة تنفيذ وعزل وهوية موحدة,E14,packages/cells/google/identity/src/verify.js;packages/cells/google/identity/src/bindings.js;packages/cells/google/gateway/src/approvals.js;packages/cells/google/gateway/src/limiter.js;packages/cells/google/gateway/src/vault.js;packages/cells/google/gateway/src/scan.js;packages/cells/google/gateway/src/classes.js;tests/google-gateway.test.js;tests/google-binding.test.js,توسيع owner/admin bindings إلى إدارة أدوار التطبيق,الدور وحده لا ينفذ أثرًا دون capability وسياسة,NOT_CONNECTED,P04,nexa-execution-plan.ar.md#p04,PLANNED_NOT_IMPLEMENTED_BY_THIS_DOCUMENT
A050,ABAC,P,جزئي أو أساس قريب,R1,P0,R0,Security + Platform,بوابة تنفيذ وعزل وهوية موحدة,"E01,E14",packages/identity/index.js;packages/crypto/index.js;packages/capability/index.js;packages/policy/src/rules.js;packages/protocol/index.js;packages/ast/index.js;tests/capability.test.js;tests/endpoint.test.js;tests/security.test.js;packages/cells/google/identity/src/verify.js;packages/cells/google/identity/src/bindings.js;packages/cells/google/gateway/src/approvals.js;packages/cells/google/gateway/src/limiter.js;packages/cells/google/gateway/src/vault.js;packages/cells/google/gateway/src/scan.js;packages/cells/google/gateway/src/classes.js;tests/google-gateway.test.js;tests/google-binding.test.js,سمات موثوقة مثل ownership والمخاطر مع قواعد محددة,لا تُقبل سمة صلاحية يصرح بها العميل بنفسه,NOT_CONNECTED,P04,nexa-execution-plan.ar.md#p04,PLANNED_NOT_IMPLEMENTED_BY_THIS_DOCUMENT
A051,ACL,P,جزئي أو أساس قريب,R1,P0,R0,Security + Platform,بوابة تنفيذ وعزل وهوية موحدة,"E01,E08",packages/identity/index.js;packages/crypto/index.js;packages/capability/index.js;packages/policy/src/rules.js;packages/protocol/index.js;packages/ast/index.js;tests/capability.test.js;tests/endpoint.test.js;tests/security.test.js;tools/celia-memory-port.mjs;tools/celia-vector-port.mjs;supabase/migrations/20260920_celia_memory_init.sql;supabase/migrations/20260921_pgvector.sql,توحيد subjects/resource rules مع ملكية البيانات,مصفوفة allow/deny وتغير الملكية تبطل وصول المالك السابق,NOT_CONNECTED,P04,nexa-execution-plan.ar.md#p04,PLANNED_NOT_IMPLEMENTED_BY_THIS_DOCUMENT
A052,Zero Trust,P,جزئي أو أساس قريب,R1,P0,R0,Security + Platform,بوابة تنفيذ وعزل وهوية موحدة,"E01,E09",packages/identity/index.js;packages/crypto/index.js;packages/capability/index.js;packages/policy/src/rules.js;packages/protocol/index.js;packages/ast/index.js;tests/capability.test.js;tests/endpoint.test.js;tests/security.test.js;tools/celia-workspace-write-auth.mjs;tools/celia-workspace-commit-auth.mjs;tools/celia-workspace-commit-port.mjs;tools/celia-commit-consumption-store.mjs;tools/celia-workspace-port.mjs;tests/celia-workspace-commit-hardening.test.js;tests/celia-workspace-commit-persistence.test.js;docs/celia-workspace-commit-h1-persistence.ar.md,إغلاق فجوات أدوات Celia خارج خط النواة المحمي,لا مسار جانبي مباشر يتجاوز gateway أو identity,NOT_CONNECTED,P04,nexa-execution-plan.ar.md#p04,PLANNED_NOT_IMPLEMENTED_BY_THIS_DOCUMENT
A053,Sandboxing,D,ديمو/محاكاة,R1,P0,R0,Security + Platform,بوابة تنفيذ وعزل وهوية موحدة,E20,packages/cells/celia/ultimate/src/wasm-sandbox.js;tools/permission-proof.mjs;tools/permission-probe.mjs,WASM demo ليس عزلًا؛ اختيار container/microVM/WASI فعلي,اختبارات escape وشبكة وfilesystem وCPU/process limits,BLOCKED,P05,nexa-execution-plan.ar.md#p05,PLANNED_NOT_IMPLEMENTED_BY_THIS_DOCUMENT
A054,Secure Execution,P,جزئي أو أساس قريب,R1,P0,R0,Security + Platform,بوابة تنفيذ وعزل وهوية موحدة,"E09,E20",tools/celia-workspace-write-auth.mjs;tools/celia-workspace-commit-auth.mjs;tools/celia-workspace-commit-port.mjs;tools/celia-commit-consumption-store.mjs;tools/celia-workspace-port.mjs;tests/celia-workspace-commit-hardening.test.js;tests/celia-workspace-commit-persistence.test.js;docs/celia-workspace-commit-h1-persistence.ar.md;packages/cells/celia/ultimate/src/wasm-sandbox.js;tools/permission-proof.mjs;tools/permission-probe.mjs,دمج تفويض فعلي مع OS isolation وضوابط الموارد,حزمة عدائية لا تقرأ أسرار المضيف ولا تؤثر خارج sandbox,BLOCKED,P05,nexa-execution-plan.ar.md#p05,PLANNED_NOT_IMPLEMENTED_BY_THIS_DOCUMENT
A055,Human-in-the-Loop,P,جزئي أو أساس قريب,R1,P0,R0,Security + Platform,بوابة تنفيذ وعزل وهوية موحدة,"E11,E14",packages/cells/celia/learning/src/data.js;packages/cells/celia/learning/src/models.js;tools/celia-learning-store.mjs;tools/celia-learning.mjs;tests/celia-learning.test.js;docs/celia-adaptive-learning.ar.md;packages/cells/google/identity/src/verify.js;packages/cells/google/identity/src/bindings.js;packages/cells/google/gateway/src/approvals.js;packages/cells/google/gateway/src/limiter.js;packages/cells/google/gateway/src/vault.js;packages/cells/google/gateway/src/scan.js;packages/cells/google/gateway/src/classes.js;tests/google-gateway.test.js;tests/google-binding.test.js,مراجعات موجودة؛ ربط التنفيذ بهوية وموافقة موثقة محددة,الموافقة على patch X لا تجيز Y ولا تعاد بعد expiry,CONDITIONAL_LOCAL_DATA,P04,nexa-execution-plan.ar.md#p04,PLANNED_NOT_IMPLEMENTED_BY_THIS_DOCUMENT
A056,Human-on-the-Loop,P,جزئي أو أساس قريب,R2,P1,R1,Backend + Data + SRE,حالة وبيانات وتشغيل دائم,E17,tools/celia-dashboard-server.mjs;tools/check-metrics.mjs;packages/cells/celia/ultimate/src/egress-proxy.js,لوحة حالة حقيقية وتنبيه وإلغاء بدل mock dashboard,يرى المشغل الحالة الصحيحة ويوقف آثارًا مستقبلية ضمن مهلة,NOT_CONNECTED,P06,nexa-execution-plan.ar.md#p06,PLANNED_NOT_IMPLEMENTED_BY_THIS_DOCUMENT
A057,Approval Gates,P,جزئي أو أساس قريب,R1,P0,R0,Security + Platform,بوابة تنفيذ وعزل وهوية موحدة,"E05,E14",packages/runtime/src/machine.js;packages/runtime/src/authority.js;packages/runtime/src/session.js;packages/runtime/src/healer.js;packages/runtime/src/breaker.js;tests/omega-runtime.test.js;packages/cells/google/identity/src/verify.js;packages/cells/google/identity/src/bindings.js;packages/cells/google/gateway/src/approvals.js;packages/cells/google/gateway/src/limiter.js;packages/cells/google/gateway/src/vault.js;packages/cells/google/gateway/src/scan.js;packages/cells/google/gateway/src/classes.js;tests/google-gateway.test.js;tests/google-binding.test.js,توحيد approvals مع digest الخطة والاستهلاك الدائم,رفض replay/restart وcross-operation للموافقة,NOT_CONNECTED,P04,nexa-execution-plan.ar.md#p04,PLANNED_NOT_IMPLEMENTED_BY_THIS_DOCUMENT
A058,Execution Gateway,P,جزئي أو أساس قريب,R1,P0,R0,Security + Platform,بوابة تنفيذ وعزل وهوية موحدة,"E01,E04,E09",packages/identity/index.js;packages/crypto/index.js;packages/capability/index.js;packages/policy/src/rules.js;packages/protocol/index.js;packages/ast/index.js;tests/capability.test.js;tests/endpoint.test.js;tests/security.test.js;packages/cells/celia/planner/src/grok.js;packages/cells/celia/executor/src/executor.js;packages/cells/celia/executor/src/tool-registry.js;packages/cells/celia/executor/src/adaptive-dag.js;tools/dag-executor.mjs;tools/celia-workspace-write-auth.mjs;tools/celia-workspace-commit-auth.mjs;tools/celia-workspace-commit-port.mjs;tools/celia-commit-consumption-store.mjs;tools/celia-workspace-port.mjs;tests/celia-workspace-commit-hardening.test.js;tests/celia-workspace-commit-persistence.test.js;docs/celia-workspace-commit-h1-persistence.ar.md,بوابة واحدة إلزامية للأدوات والخدمات وكل routes,قائمة منافذ مكتملة واختبار لكل محاولة bypass,BLOCKED,P04,nexa-execution-plan.ar.md#p04,PLANNED_NOT_IMPLEMENTED_BY_THIS_DOCUMENT
A059,Action Verification,P,جزئي أو أساس قريب,R1,P0,R0,Security + Platform,بوابة تنفيذ وعزل وهوية موحدة,E09,tools/celia-workspace-write-auth.mjs;tools/celia-workspace-commit-auth.mjs;tools/celia-workspace-commit-port.mjs;tools/celia-commit-consumption-store.mjs;tools/celia-workspace-port.mjs;tests/celia-workspace-commit-hardening.test.js;tests/celia-workspace-commit-persistence.test.js;docs/celia-workspace-commit-h1-persistence.ar.md,تحقق preconditions وpostconditions وأثر خارج العملية,رفض حالة stale وإثبات الأثر الفعلي لا تقرير الأداة فقط,BLOCKED,P04,nexa-execution-plan.ar.md#p04,PLANNED_NOT_IMPLEMENTED_BY_THIS_DOCUMENT
A060,Provenance Tracking,P,جزئي أو أساس قريب,R2,P1,R1,Backend + Data + SRE,حالة وبيانات وتشغيل دائم,"E10,E11",packages/evidence/index.js;packages/runtime/src/ledger.js;packages/cells/celia/executor/src/event-sourcing.js;tests/evidence.test.js;packages/cells/celia/learning/src/data.js;packages/cells/celia/learning/src/models.js;tools/celia-learning-store.mjs;tools/celia-learning.mjs;tests/celia-learning.test.js;docs/celia-adaptive-learning.ar.md,ربط sources/prompts/models/patches/results بمعرفات ثابتة,تتبع النتيجة إلى المصدر والإصدار دون تضمين أسرار,CONNECTED_LIMITED,P06,nexa-execution-plan.ar.md#p06,PLANNED_NOT_IMPLEMENTED_BY_THIS_DOCUMENT
A061,Evidence Ledger,P,جزئي أو أساس قريب,R2,P1,R1,Backend + Data + SRE,حالة وبيانات وتشغيل دائم,E10,packages/evidence/index.js;packages/runtime/src/ledger.js;packages/cells/celia/executor/src/event-sourcing.js;tests/evidence.test.js,الـhash-chain حقيقية محليًا؛ يلزم durable receipts كاملة,إعادة تحقق مستقلة بعد restart وكشف تعديل أو فقد سجل,CONNECTED_LIMITED,P06,nexa-execution-plan.ar.md#p06,PLANNED_NOT_IMPLEMENTED_BY_THIS_DOCUMENT
A062,Audit Trail,P,جزئي أو أساس قريب,R2,P1,R1,Backend + Data + SRE,حالة وبيانات وتشغيل دائم,"E10,E17",packages/evidence/index.js;packages/runtime/src/ledger.js;packages/cells/celia/executor/src/event-sourcing.js;tests/evidence.test.js;tools/celia-dashboard-server.mjs;tools/check-metrics.mjs;packages/cells/celia/ultimate/src/egress-proxy.js,تغطية كل قرار وإدارة احتفاظ ووصول للسجل,لا نجاح أو رفض حساس بلا سجل مترابط ومقنن المحتوى,NOT_CONNECTED,P06,nexa-execution-plan.ar.md#p06,PLANNED_NOT_IMPLEMENTED_BY_THIS_DOCUMENT
A063,Cryptographic Signing,M,موجود محليًا محدود,R1,P0,R0,Security + Platform,بوابة تنفيذ وعزل وهوية موحدة,"E01,E10",packages/identity/index.js;packages/crypto/index.js;packages/capability/index.js;packages/policy/src/rules.js;packages/protocol/index.js;packages/ast/index.js;tests/capability.test.js;tests/endpoint.test.js;tests/security.test.js;packages/evidence/index.js;packages/runtime/src/ledger.js;packages/cells/celia/executor/src/event-sourcing.js;tests/evidence.test.js,إعادة استخدام Ed25519 مع دورة مفاتيح لا توقيع ML مصطنع,تحقق مستقل وتدوير وسحب مع رفض التوقيع القديم حسب السياسة,CONNECTED_LIMITED,P04,nexa-execution-plan.ar.md#p04,PLANNED_NOT_IMPLEMENTED_BY_THIS_DOCUMENT
A064,Hash Chaining,M,موجود محليًا محدود,R2,P1,R1,Backend + Data + SRE,حالة وبيانات وتشغيل دائم,E10,packages/evidence/index.js;packages/runtime/src/ledger.js;packages/cells/celia/executor/src/event-sourcing.js;tests/evidence.test.js,إعادة استخدام chain القياسية؛ لا ترقيتها لوعد منع حذف إداري,كشف تعديل/حذف ضمن anchor موثوق واختبار الاستعادة,CONNECTED_LIMITED,P06,nexa-execution-plan.ar.md#p06,PLANNED_NOT_IMPLEMENTED_BY_THIS_DOCUMENT
A065,Replay Protection,P,جزئي أو أساس قريب,R0,P0,baseline/H1,Systems + Security,فصل الاستهلاك والتطبيق والتعافي,"E01,E09",packages/identity/index.js;packages/crypto/index.js;packages/capability/index.js;packages/policy/src/rules.js;packages/protocol/index.js;packages/ast/index.js;tests/capability.test.js;tests/endpoint.test.js;tests/security.test.js;tools/celia-workspace-write-auth.mjs;tools/celia-workspace-commit-auth.mjs;tools/celia-workspace-commit-port.mjs;tools/celia-commit-consumption-store.mjs;tools/celia-workspace-port.mjs;tests/celia-workspace-commit-hardening.test.js;tests/celia-workspace-commit-persistence.test.js;docs/celia-workspace-commit-h1-persistence.ar.md,H1 دائم لـCOMMIT؛ بقية الحدود تحتاج durability مستقلة,restart وABA وطلب جديد بمنحة مستهلكة تُرفض مع قبول منحة جديدة,NOT_CONNECTED,P03,nexa-execution-plan.ar.md#p03,PLANNED_NOT_IMPLEMENTED_BY_THIS_DOCUMENT
A066,Idempotency,N,غير ظاهر في نطاق الفحص,R2,P1,R1,Backend + Data + SRE,حالة وبيانات وتشغيل دائم,"E00,E09",tools/celia-workspace-write-auth.mjs;tools/celia-workspace-commit-auth.mjs;tools/celia-workspace-commit-port.mjs;tools/celia-commit-consumption-store.mjs;tools/celia-workspace-port.mjs;tests/celia-workspace-commit-hardening.test.js;tests/celia-workspace-commit-persistence.test.js;docs/celia-workspace-commit-h1-persistence.ar.md,فصل إعادة النتيجة نفسها عن رفض replay ومنع الأثر المكرر,timeout وإعادة الطلب يعيدان النتيجة الموثقة دون إعادة التنفيذ,NOT_CONNECTED,P06,nexa-execution-plan.ar.md#p06,PLANNED_NOT_IMPLEMENTED_BY_THIS_DOCUMENT
A067,Transaction Manager,P,جزئي أو أساس قريب,R0,P0,baseline/H1,Systems + Security,فصل الاستهلاك والتطبيق والتعافي,E09,tools/celia-workspace-write-auth.mjs;tools/celia-workspace-commit-auth.mjs;tools/celia-workspace-commit-port.mjs;tools/celia-commit-consumption-store.mjs;tools/celia-workspace-port.mjs;tests/celia-workspace-commit-hardening.test.js;tests/celia-workspace-commit-persistence.test.js;docs/celia-workspace-commit-h1-persistence.ar.md,H2 RED؛ اختيار عقد atomicity وتنفيذ apply قابل للتعافي,فشل الملف الثاني لا يترك root جزئيًا مع بقاء اختبار H2 نفسه,BLOCKED,P01,nexa-execution-plan.ar.md#p01,PLANNED_NOT_IMPLEMENTED_BY_THIS_DOCUMENT
A068,Rollback System,P,جزئي أو أساس قريب,R0,P0,baseline/H1,Systems + Security,فصل الاستهلاك والتطبيق والتعافي,"E09,E12",tools/celia-workspace-write-auth.mjs;tools/celia-workspace-commit-auth.mjs;tools/celia-workspace-commit-port.mjs;tools/celia-commit-consumption-store.mjs;tools/celia-workspace-port.mjs;tests/celia-workspace-commit-hardening.test.js;tests/celia-workspace-commit-persistence.test.js;docs/celia-workspace-commit-h1-persistence.ar.md;packages/evolution/src/manifest.js;packages/evolution/src/gate.js;packages/evolution/src/registry.js;packages/cellular-evolution/index.js;tests/omega-evolution.test.js,فصل rollback لإصدارات البيانات عن آثار root الفعلية,تراجع محدد الصلاحية لا يمحو تعديلات خارجية أو ledger الاستهلاك,BLOCKED,P01,nexa-execution-plan.ar.md#p01,PLANNED_NOT_IMPLEMENTED_BY_THIS_DOCUMENT
A069,Checkpointing,P,جزئي أو أساس قريب,R2,P1,R1,Backend + Data + SRE,حالة وبيانات وتشغيل دائم,"E10,E12",packages/evidence/index.js;packages/runtime/src/ledger.js;packages/cells/celia/executor/src/event-sourcing.js;tests/evidence.test.js;packages/evolution/src/manifest.js;packages/evolution/src/gate.js;packages/evolution/src/registry.js;packages/cellular-evolution/index.js;tests/omega-evolution.test.js,snapshots محلية موجودة؛ يلزم checkpoint دائم متسق,SIGKILL ثم resume بلا تكرار آثار أو استعادة grants مستهلكة,NOT_CONNECTED,P06,nexa-execution-plan.ar.md#p06,PLANNED_NOT_IMPLEMENTED_BY_THIS_DOCUMENT
A070,State Machine,M,موجود محليًا محدود,R2,P1,R1,Backend + Data + SRE,حالة وبيانات وتشغيل دائم,"E05,E13",packages/runtime/src/machine.js;packages/runtime/src/authority.js;packages/runtime/src/session.js;packages/runtime/src/healer.js;packages/runtime/src/breaker.js;tests/omega-runtime.test.js;packages/cell/src/lifecycle.js;packages/cell/src/health.js;packages/cell/src/homeostasis.js;packages/cell/src/membrane.js;packages/cell/src/tissue.js;packages/cell/src/organism.js;tests/cellular.test.js,توحيد حالات المهمة مع cell lifecycle الموجود,رفض transitions غير المسموحة واستعادة حالة متطابقة,NOT_CONNECTED,P06,nexa-execution-plan.ar.md#p06,PLANNED_NOT_IMPLEMENTED_BY_THIS_DOCUMENT
A071,Event Sourcing,P,جزئي أو أساس قريب,R2,P1,R1,Backend + Data + SRE,حالة وبيانات وتشغيل دائم,E10,packages/evidence/index.js;packages/runtime/src/ledger.js;packages/cells/celia/executor/src/event-sourcing.js;tests/evidence.test.js,سجل Celia في الذاكرة؛ إضافة أحداث versioned وreplay آمن,إعادة بناء الحالة بلا إعادة تنفيذ الآثار وبلا إعادة ترقيم history,NOT_CONNECTED,P06,nexa-execution-plan.ar.md#p06,PLANNED_NOT_IMPLEMENTED_BY_THIS_DOCUMENT
A072,Event Bus,P,جزئي أو أساس قريب,R2,P1,R1,Backend + Data + SRE,حالة وبيانات وتشغيل دائم,"E13,E22",packages/cell/src/lifecycle.js;packages/cell/src/health.js;packages/cell/src/homeostasis.js;packages/cell/src/membrane.js;packages/cell/src/tissue.js;packages/cell/src/organism.js;tests/cellular.test.js;packages/cells/celia/infinite/src/actor-mailbox.js,قنوات محلية موجودة؛ يلزم delivery contract وتوثيق منتجين,ordering وbackpressure ورفض حدث من منتج غير مأذون,NOT_CONNECTED,P06,nexa-execution-plan.ar.md#p06,PLANNED_NOT_IMPLEMENTED_BY_THIS_DOCUMENT
A073,Message Queue,P,جزئي أو أساس قريب,R2,P1,R1,Backend + Data + SRE,حالة وبيانات وتشغيل دائم,E22,packages/cells/celia/infinite/src/actor-mailbox.js,mailbox محلي لا durable queue؛ إضافة leases وDLQ,قتل worker يعيد المهمة بأمان دون آثار مكررة,NOT_CONNECTED,P06,nexa-execution-plan.ar.md#p06,PLANNED_NOT_IMPLEMENTED_BY_THIS_DOCUMENT
A074,Task Scheduler,P,جزئي أو أساس قريب,R2,P1,R1,Backend + Data + SRE,حالة وبيانات وتشغيل دائم,E04,packages/cells/celia/planner/src/grok.js;packages/cells/celia/executor/src/executor.js;packages/cells/celia/executor/src/tool-registry.js;packages/cells/celia/executor/src/adaptive-dag.js;tools/dag-executor.mjs,توسيع DAG إلى تشغيل دائم مع cancellation وleases,توقف/عودة worker مع fairness وعدم تشغيل مهمة مرتين,NOT_CONNECTED,P06,nexa-execution-plan.ar.md#p06,PLANNED_NOT_IMPLEMENTED_BY_THIS_DOCUMENT
A075,Priority Queue,P,جزئي أو أساس قريب,R2,P1,R1,Backend + Data + SRE,حالة وبيانات وتشغيل دائم,E22,packages/cells/celia/infinite/src/actor-mailbox.js,أولوية محلية موجودة؛ يلزم aging وحدود لكل tenant,المهام منخفضة الأولوية لا تجوع تحت حمل مستمر,NOT_CONNECTED,P06,nexa-execution-plan.ar.md#p06,PLANNED_NOT_IMPLEMENTED_BY_THIS_DOCUMENT
A076,Retry Engine,P,جزئي أو أساس قريب,R2,P1,R1,Backend + Data + SRE,حالة وبيانات وتشغيل دائم,"E05,E14",packages/runtime/src/machine.js;packages/runtime/src/authority.js;packages/runtime/src/session.js;packages/runtime/src/healer.js;packages/runtime/src/breaker.js;tests/omega-runtime.test.js;packages/cells/google/identity/src/verify.js;packages/cells/google/identity/src/bindings.js;packages/cells/google/gateway/src/approvals.js;packages/cells/google/gateway/src/limiter.js;packages/cells/google/gateway/src/vault.js;packages/cells/google/gateway/src/scan.js;packages/cells/google/gateway/src/classes.js;tests/google-gateway.test.js;tests/google-binding.test.js,تصنيف retries وتنسيقها مع idempotency وquota,لا retry لـ403؛ احترام Retry-After وdeadlines,NOT_CONNECTED,P06,nexa-execution-plan.ar.md#p06,PLANNED_NOT_IMPLEMENTED_BY_THIS_DOCUMENT
A077,Circuit Breaker,M,موجود محليًا محدود,R2,P1,R1,Backend + Data + SRE,حالة وبيانات وتشغيل دائم,"E05,E13",packages/runtime/src/machine.js;packages/runtime/src/authority.js;packages/runtime/src/session.js;packages/runtime/src/healer.js;packages/runtime/src/breaker.js;tests/omega-runtime.test.js;packages/cell/src/lifecycle.js;packages/cell/src/health.js;packages/cell/src/homeostasis.js;packages/cell/src/membrane.js;packages/cell/src/tissue.js;packages/cell/src/organism.js;tests/cellular.test.js,الـbreaker المحلي موجود؛ تعميمه على الموصلات الفعلية,فتح وhalf-open وتعافٍ حتمي بلا تجاوز للتفويض,NOT_CONNECTED,P06,nexa-execution-plan.ar.md#p06,PLANNED_NOT_IMPLEMENTED_BY_THIS_DOCUMENT
A078,Rate Limiting,P,جزئي أو أساس قريب,R1,P0,R0,Security + Platform,بوابة تنفيذ وعزل وهوية موحدة,E14,packages/cells/google/identity/src/verify.js;packages/cells/google/identity/src/bindings.js;packages/cells/google/gateway/src/approvals.js;packages/cells/google/gateway/src/limiter.js;packages/cells/google/gateway/src/vault.js;packages/cells/google/gateway/src/scan.js;packages/cells/google/gateway/src/classes.js;tests/google-gateway.test.js;tests/google-binding.test.js,limiter Google موجود؛ يلزم per-user/provider/gateway controls,burst وتزامن ومستخدمان مستقلان مع عدم تجاوز الحدود,NOT_CONNECTED,P04,nexa-execution-plan.ar.md#p04,PLANNED_NOT_IMPLEMENTED_BY_THIS_DOCUMENT
A079,Budget Controller,P,جزئي أو أساس قريب,R3,P1,R1;R2,Integrations + Platform,موصلات وتوجيه وسياق,"E05,E14",packages/runtime/src/machine.js;packages/runtime/src/authority.js;packages/runtime/src/session.js;packages/runtime/src/healer.js;packages/runtime/src/breaker.js;tests/omega-runtime.test.js;packages/cells/google/identity/src/verify.js;packages/cells/google/identity/src/bindings.js;packages/cells/google/gateway/src/approvals.js;packages/cells/google/gateway/src/limiter.js;packages/cells/google/gateway/src/vault.js;packages/cells/google/gateway/src/scan.js;packages/cells/google/gateway/src/classes.js;tests/google-gateway.test.js;tests/google-binding.test.js,ميزانيات محلية موجودة؛ ربطها بتكلفة provider الفعلية,حجز قبل الطلب وتسوية الفاتورة ومنع الصرف الموازي الزائد,CONNECTED_LIMITED,P10,nexa-execution-plan.ar.md#p10,PLANNED_NOT_IMPLEMENTED_BY_THIS_DOCUMENT
A080,Token Budgeting,P,جزئي أو أساس قريب,R3,P1,R1;R2,Integrations + Platform,موصلات وتوجيه وسياق,"E25,E05",packages/cells/celia/dsl/src/ctxql.js;packages/cells/celia/dsl/src/flow-dsl.js;packages/cells/celia/dsl/src/caplang.js;packages/cells/celia/dsl/src/replay-dsl.js;packages/runtime/src/machine.js;packages/runtime/src/authority.js;packages/runtime/src/session.js;packages/runtime/src/healer.js;packages/runtime/src/breaker.js;tests/omega-runtime.test.js,حدود وصفية موجودة؛ يلزم tokenizer وusage provider,توقع وحد فعلي للـinput/output وعدم إسقاط سياق الأمان,NOT_CONNECTED,P10,nexa-execution-plan.ar.md#p10,PLANNED_NOT_IMPLEMENTED_BY_THIS_DOCUMENT
A081,Resource Governor,P,جزئي أو أساس قريب,R1,P0,R0,Security + Platform,بوابة تنفيذ وعزل وهوية موحدة,"E13,E20",packages/cell/src/lifecycle.js;packages/cell/src/health.js;packages/cell/src/homeostasis.js;packages/cell/src/membrane.js;packages/cell/src/tissue.js;packages/cell/src/organism.js;tests/cellular.test.js;packages/cells/celia/ultimate/src/wasm-sandbox.js;tools/permission-proof.mjs;tools/permission-probe.mjs,حدود منطقية ليست cgroups؛ فرض حدود OS فعلية,قياس وقت/ذاكرة/عمليات وإيقاف العمل المتجاوز,NOT_CONNECTED,P05,nexa-execution-plan.ar.md#p05,PLANNED_NOT_IMPLEMENTED_BY_THIS_DOCUMENT
A082,Health Monitoring,M,موجود محليًا محدود,R2,P1,R1,Backend + Data + SRE,حالة وبيانات وتشغيل دائم,E13,packages/cell/src/lifecycle.js;packages/cell/src/health.js;packages/cell/src/homeostasis.js;packages/cell/src/membrane.js;packages/cell/src/tissue.js;packages/cell/src/organism.js;tests/cellular.test.js,Health/homeostasis موجودان؛ ربطهما بموصلات حقيقية,الفشل يعزل المورد والتعافي يحتاج probe ناجحًا,NOT_CONNECTED,P06,nexa-execution-plan.ar.md#p06,PLANNED_NOT_IMPLEMENTED_BY_THIS_DOCUMENT
A083,Observability,P,جزئي أو أساس قريب,R2,P1,R1,Backend + Data + SRE,حالة وبيانات وتشغيل دائم,"E10,E17",packages/evidence/index.js;packages/runtime/src/ledger.js;packages/cells/celia/executor/src/event-sourcing.js;tests/evidence.test.js;tools/celia-dashboard-server.mjs;tools/check-metrics.mjs;packages/cells/celia/ultimate/src/egress-proxy.js,استبدال mock telemetry بمعرفات مهمة ومقاييس logs حقيقية,تتبع حدث خطأ إلى الطلب دون كشف البيانات الحساسة,NOT_CONNECTED,P06,nexa-execution-plan.ar.md#p06,PLANNED_NOT_IMPLEMENTED_BY_THIS_DOCUMENT
A084,Distributed Tracing,N,غير ظاهر في نطاق الفحص,R2,P1,R1,Backend + Data + SRE,حالة وبيانات وتشغيل دائم,E00,,إضافة OpenTelemetry أو مكافئ مع context propagation,trace واحد عبر planner/tool/provider مع redaction,NOT_CONNECTED,P06,nexa-execution-plan.ar.md#p06,PLANNED_NOT_IMPLEMENTED_BY_THIS_DOCUMENT
A085,Metrics Engine,P,جزئي أو أساس قريب,R2,P1,R1,Backend + Data + SRE,حالة وبيانات وتشغيل دائم,"E17,E06",tools/celia-dashboard-server.mjs;tools/check-metrics.mjs;packages/cells/celia/ultimate/src/egress-proxy.js;packages/learning/src/reflection.js;packages/learning/src/knowledge.js;packages/learning/src/hypothesis.js;packages/learning/src/benchmark.js;packages/learning/src/learner.js;tests/omega-learning.test.js,مقاييس CI موجودة؛ يلزم قياس التشغيل وSLOs,أرقام latency/cost/failure من أحداث فعلية لا counters تجميلية,NOT_CONNECTED,P06,nexa-execution-plan.ar.md#p06,PLANNED_NOT_IMPLEMENTED_BY_THIS_DOCUMENT
A086,Anomaly Detection,P,جزئي أو أساس قريب,R6,P2,R2;R4;R5;reviewed-data,ML + Evaluation,تعلم مرشح وتقييم ومعايرة,"E13,E06",packages/cell/src/lifecycle.js;packages/cell/src/health.js;packages/cell/src/homeostasis.js;packages/cell/src/membrane.js;packages/cell/src/tissue.js;packages/cell/src/organism.js;tests/cellular.test.js;packages/learning/src/reflection.js;packages/learning/src/knowledge.js;packages/learning/src/hypothesis.js;packages/learning/src/benchmark.js;packages/learning/src/learner.js;tests/omega-learning.test.js,health thresholds أساس؛ إضافة baseline لسلوك التشغيل,قياس false alarms وكشف incidents مزروعة على holdout,NOT_CONNECTED,P14,nexa-execution-plan.ar.md#p14,PLANNED_NOT_IMPLEMENTED_BY_THIS_DOCUMENT
A087,Drift Detection,N,غير ظاهر في نطاق الفحص,R6,P2,R2;R4;R5;reviewed-data,ML + Evaluation,تعلم مرشح وتقييم ومعايرة,"E00,E11",packages/cells/celia/learning/src/data.js;packages/cells/celia/learning/src/models.js;tools/celia-learning-store.mjs;tools/celia-learning.mjs;tests/celia-learning.test.js;docs/celia-adaptive-learning.ar.md,رصد drift للمدخلات والـlabels والجودة حسب الشرائح,إنذار يوقف promotion ويطلب مراجعة ولا يغير السياسة تلقائيًا,NOT_CONNECTED,P14,nexa-execution-plan.ar.md#p14,PLANNED_NOT_IMPLEMENTED_BY_THIS_DOCUMENT
A088,Evaluation Engine,M,موجود محليًا محدود,R5,P1,R1;R2,QA + Security + Knowledge,جودة وتحقق ومعرفة,"E06,E11",packages/learning/src/reflection.js;packages/learning/src/knowledge.js;packages/learning/src/hypothesis.js;packages/learning/src/benchmark.js;packages/learning/src/learner.js;tests/omega-learning.test.js;packages/cells/celia/learning/src/data.js;packages/cells/celia/learning/src/models.js;tools/celia-learning-store.mjs;tools/celia-learning.mjs;tests/celia-learning.test.js;docs/celia-adaptive-learning.ar.md,إعادة استخدام suites الحقيقية وتوسيع تقييم إصلاح الكود,معيار سابق للتجربة ومقارنة reproducible مع baseline,CONDITIONAL_LOCAL_DATA,P11,nexa-execution-plan.ar.md#p11,PLANNED_NOT_IMPLEMENTED_BY_THIS_DOCUMENT
A089,Benchmarking,P,جزئي أو أساس قريب,R5,P1,R1;R2,QA + Security + Knowledge,جودة وتحقق ومعرفة,"E06,E11",packages/learning/src/reflection.js;packages/learning/src/knowledge.js;packages/learning/src/hypothesis.js;packages/learning/src/benchmark.js;packages/learning/src/learner.js;tests/omega-learning.test.js;packages/cells/celia/learning/src/data.js;packages/cells/celia/learning/src/models.js;tools/celia-learning-store.mjs;tools/celia-learning.mjs;tests/celia-learning.test.js;docs/celia-adaptive-learning.ar.md,المحلي موجود؛ أضف مهام إصلاح واقعية منعزلة وغير مسربة,held-out repositories/issues مع تكلفة وكمون وفواصل عدم يقين,NOT_CONNECTED,P11,nexa-execution-plan.ar.md#p11,PLANNED_NOT_IMPLEMENTED_BY_THIS_DOCUMENT
A090,Red Teaming,M,موجود محليًا محدود,R1,P0,R0,Security + Platform,بوابة تنفيذ وعزل وهوية موحدة,E15,tests/security.test.js;tests/omega-security.test.js;tests/omega-invariants.test.js;tests/canonical.test.js;tests/google-attacks.test.js;tools/omega-attacks.mjs;tools/check-posture.mjs;package.json,الحزمة العدائية المحلية موجودة؛ توسيعها عند كل boundary جديد,كل فئة تهديد لها اختبار حقيقي لا ادعاء منع جميع الهجمات,NOT_CONNECTED,P04,nexa-execution-plan.ar.md#p04,PLANNED_NOT_IMPLEMENTED_BY_THIS_DOCUMENT
A091,Adversarial Testing,M,موجود محليًا محدود,R0,P0,baseline/H1,Systems + Security,فصل الاستهلاك والتطبيق والتعافي,"E09,E15",tools/celia-workspace-write-auth.mjs;tools/celia-workspace-commit-auth.mjs;tools/celia-workspace-commit-port.mjs;tools/celia-commit-consumption-store.mjs;tools/celia-workspace-port.mjs;tests/celia-workspace-commit-hardening.test.js;tests/celia-workspace-commit-persistence.test.js;docs/celia-workspace-commit-h1-persistence.ar.md;tests/security.test.js;tests/omega-security.test.js;tests/omega-invariants.test.js;tests/canonical.test.js;tests/google-attacks.test.js;tools/omega-attacks.mjs;tools/check-posture.mjs;package.json,الحفاظ على H1/H2/H3 والاختبارات العدائية الأصلية,لا skip أو تعديل توقعات لإخفاء RED؛ إعادة القياس بعد الإصلاح,NOT_CONNECTED,P03,nexa-execution-plan.ar.md#p03,PLANNED_NOT_IMPLEMENTED_BY_THIS_DOCUMENT
A092,Prompt Injection Defense,P,جزئي أو أساس قريب,R1,P0,R0,Security + Platform,بوابة تنفيذ وعزل وهوية موحدة,"E01,E04,E23",packages/identity/index.js;packages/crypto/index.js;packages/capability/index.js;packages/policy/src/rules.js;packages/protocol/index.js;packages/ast/index.js;tests/capability.test.js;tests/endpoint.test.js;tests/security.test.js;packages/cells/celia/planner/src/grok.js;packages/cells/celia/executor/src/executor.js;packages/cells/celia/executor/src/tool-registry.js;packages/cells/celia/executor/src/adaptive-dag.js;tools/dag-executor.mjs;tools/celia-learning-research.mjs;tests/celia-learning.test.js;docs/celia-adaptive-learning.ar.md,موانع متفرقة موجودة؛ توحيد فصل البيانات عن التعليمات,بحث أو README عدائي لا يغير وجهة طلب أو صلاحيات تنفيذ,NOT_CONNECTED,P04,nexa-execution-plan.ar.md#p04,PLANNED_NOT_IMPLEMENTED_BY_THIS_DOCUMENT
A093,Tool Poisoning Defense,P,جزئي أو أساس قريب,R1,P0,R0,Security + Platform,بوابة تنفيذ وعزل وهوية موحدة,"E02,E12",adapters/mcp/src/bridge.js;tests/mcp.test.js;packages/evolution/src/manifest.js;packages/evolution/src/gate.js;packages/evolution/src/registry.js;packages/cellular-evolution/index.js;tests/omega-evolution.test.js,تثبيت manifests ومصادر الأدوات ووصفها ومراجعة التغيير,تغيير descriptor أو schema أو endpoint يوقف الاستدعاء حتى مراجعة,NOT_CONNECTED,P04,nexa-execution-plan.ar.md#p04,PLANNED_NOT_IMPLEMENTED_BY_THIS_DOCUMENT
A094,Output Sanitization,P,جزئي أو أساس قريب,R1,P0,R0,Security + Platform,بوابة تنفيذ وعزل وهوية موحدة,"E04,E14",packages/cells/celia/planner/src/grok.js;packages/cells/celia/executor/src/executor.js;packages/cells/celia/executor/src/tool-registry.js;packages/cells/celia/executor/src/adaptive-dag.js;tools/dag-executor.mjs;packages/cells/google/identity/src/verify.js;packages/cells/google/identity/src/bindings.js;packages/cells/google/gateway/src/approvals.js;packages/cells/google/gateway/src/limiter.js;packages/cells/google/gateway/src/vault.js;packages/cells/google/gateway/src/scan.js;packages/cells/google/gateway/src/classes.js;tests/google-gateway.test.js;tests/google-binding.test.js,sanitization متفرق؛ تطبيق حسب sink لا حذف نصوص فقط,حماية HTML/terminal/SQL/paths واختبارات encoding variants,NOT_CONNECTED,P04,nexa-execution-plan.ar.md#p04,PLANNED_NOT_IMPLEMENTED_BY_THIS_DOCUMENT
A095,Secret Detection,P,جزئي أو أساس قريب,R1,P0,R0,Security + Platform,بوابة تنفيذ وعزل وهوية موحدة,E14,packages/cells/google/identity/src/verify.js;packages/cells/google/identity/src/bindings.js;packages/cells/google/gateway/src/approvals.js;packages/cells/google/gateway/src/limiter.js;packages/cells/google/gateway/src/vault.js;packages/cells/google/gateway/src/scan.js;packages/cells/google/gateway/src/classes.js;tests/google-gateway.test.js;tests/google-binding.test.js,scans فعلية محدودة؛ توسيعها إلى logs/prompts/artifacts,canary secrets لا تصل إلى provider أو export مع قياس false positives,NOT_CONNECTED,P04,nexa-execution-plan.ar.md#p04,PLANNED_NOT_IMPLEMENTED_BY_THIS_DOCUMENT
A096,PII Detection,P,جزئي أو أساس قريب,R1,P0,R0,Security + Platform,بوابة تنفيذ وعزل وهوية موحدة,E14,packages/cells/google/identity/src/verify.js;packages/cells/google/identity/src/bindings.js;packages/cells/google/gateway/src/approvals.js;packages/cells/google/gateway/src/limiter.js;packages/cells/google/gateway/src/vault.js;packages/cells/google/gateway/src/scan.js;packages/cells/google/gateway/src/classes.js;tests/google-gateway.test.js;tests/google-binding.test.js,حماية subject/email موجودة؛ تصنيف PII متعدد اللغات غير مكتمل,بيانات عربية/إنجليزية موسومة وحذف/redaction قابلان للاختبار,NOT_CONNECTED,P04,nexa-execution-plan.ar.md#p04,PLANNED_NOT_IMPLEMENTED_BY_THIS_DOCUMENT
A097,Data Loss Prevention,P,جزئي أو أساس قريب,R1,P0,R0,Security + Platform,بوابة تنفيذ وعزل وهوية موحدة,"E14,E17",packages/cells/google/identity/src/verify.js;packages/cells/google/identity/src/bindings.js;packages/cells/google/gateway/src/approvals.js;packages/cells/google/gateway/src/limiter.js;packages/cells/google/gateway/src/vault.js;packages/cells/google/gateway/src/scan.js;packages/cells/google/gateway/src/classes.js;tests/google-gateway.test.js;tests/google-binding.test.js;tools/celia-dashboard-server.mjs;tools/check-metrics.mjs;packages/cells/celia/ultimate/src/egress-proxy.js,ضوابط محدودة؛ يلزم egress allowlist دقيقة وتصنيف وحصص,منع redirect وDNS/private-address bypass وتسريب canary فعلي,NOT_CONNECTED,P04,nexa-execution-plan.ar.md#p04,PLANNED_NOT_IMPLEMENTED_BY_THIS_DOCUMENT
A098,Digital Twin,P,جزئي أو أساس قريب,R7,P2,R4;R5;R6-if-learned,Agent + Evaluation,مسارات ووكلاء ومحاكاة مقاسة,"E18,E24",packages/runtime/src/world.js;packages/runtime/src/machine.js;packages/cells/celia/infinite/src/multiverse-engine.js;packages/cells/celia/infinite/src/swarm-pheromone.js;packages/cells/celia/dsl/src/consensus-dsl.js,world snapshot أساس لا توأم مطابق؛ إضافة fidelity model,مقارنة تنبؤات البيئة بحالات حقيقية مع خطأ مقاس,NOT_CONNECTED,P16,nexa-execution-plan.ar.md#p16,PLANNED_NOT_IMPLEMENTED_BY_THIS_DOCUMENT
A099,Simulation Engine,D,ديمو/محاكاة,R7,P2,R4;R5;R6-if-learned,Agent + Evaluation,مسارات ووكلاء ومحاكاة مقاسة,E24,packages/cells/celia/infinite/src/multiverse-engine.js;packages/cells/celia/infinite/src/swarm-pheromone.js;packages/cells/celia/dsl/src/consensus-dsl.js,الديموهات ليست إثباتًا؛ تشغيل sandbox تجريبي بلا آثار production,السيناريو نفسه قابل للإعادة والفروق عن الواقع معلنة,NOT_CONNECTED,P16,nexa-execution-plan.ar.md#p16,PLANNED_NOT_IMPLEMENTED_BY_THIS_DOCUMENT
A100,World Model,P,جزئي أو أساس قريب,R4,P1,R2;R3,Agent + QA,وكيل إصلاح محدود وقابل للقياس,E18,packages/runtime/src/world.js;packages/runtime/src/machine.js,World يصف حالة مضيفة؛ يلزم freshness وobservations موثقة,تمييز observed/hypothesized/verified ورفض المعلومة القديمة,NOT_CONNECTED,P12,nexa-execution-plan.ar.md#p12,PLANNED_NOT_IMPLEMENTED_BY_THIS_DOCUMENT
B001,Neuro-Symbolic AI,D,ديمو/محاكاة,R7,P2,R4;R5;R6-if-learned,Agent + Evaluation,مسارات ووكلاء ومحاكاة مقاسة,"E19,E11",packages/cells/celia/omega/src/formal-z3-verification.js;packages/cells/celia/ultimate/src/z3-verifier.js;packages/cells/celia/infinite/src/neural-symbolic-engine.js;packages/cells/celia/learning/src/data.js;packages/cells/celia/learning/src/models.js;tools/celia-learning-store.mjs;tools/celia-learning.mjs;tests/celia-learning.test.js;docs/celia-adaptive-learning.ar.md,المحرك الحالي mock؛ وصل scorer فعلي بقيود مستقلة,قيد صلب يمنع مخرجًا غير صالح مهما ارتفعت درجة النموذج,NOT_CONNECTED,P16,nexa-execution-plan.ar.md#p16,PLANNED_NOT_IMPLEMENTED_BY_THIS_DOCUMENT
B002,Knowledge Graph,P,جزئي أو أساس قريب,R5,P1,R1;R2,QA + Security + Knowledge,جودة وتحقق ومعرفة,"E06,E26",packages/learning/src/reflection.js;packages/learning/src/knowledge.js;packages/learning/src/hypothesis.js;packages/learning/src/benchmark.js;packages/learning/src/learner.js;tests/omega-learning.test.js;packages/cells/celia/singularity/src/causal-do-calculus.js,KnowledgeStore ومخططات محلية ليست KG موحدة ذات provenance,استعلام علاقات مع ملكية ومصدر وإبطال حقائق مشتقة,NOT_CONNECTED,P15,nexa-execution-plan.ar.md#p15,PLANNED_NOT_IMPLEMENTED_BY_THIS_DOCUMENT
B003,Ontology Engine,N,غير ظاهر في نطاق الفحص,R5,P1,R1;R2,QA + Security + Knowledge,جودة وتحقق ومعرفة,E00,,تعريف schema مفاهيم versioned بدل علاقات غير مقيدة,رفض علاقة/نوع غير متوافق وترحيل ontology دون فقد المعنى,NOT_CONNECTED,P15,nexa-execution-plan.ar.md#p15,PLANNED_NOT_IMPLEMENTED_BY_THIS_DOCUMENT
B004,Semantic Reasoner,N,غير ظاهر في نطاق الفحص,R5,P1,R1;R2,QA + Security + Knowledge,جودة وتحقق ومعرفة,"E00,E06",packages/learning/src/reflection.js;packages/learning/src/knowledge.js;packages/learning/src/hypothesis.js;packages/learning/src/benchmark.js;packages/learning/src/learner.js;tests/omega-learning.test.js,محرك استنتاج محدود على graph وقواعد قابلة للتفسير,كل نتيجة مشتقة تحمل قواعدها ومصادرها ويتوقف الاستنتاج الدوري,NOT_CONNECTED,P15,nexa-execution-plan.ar.md#p15,PLANNED_NOT_IMPLEMENTED_BY_THIS_DOCUMENT
B005,Rule Engine,P,جزئي أو أساس قريب,R5,P1,R1;R2,QA + Security + Knowledge,جودة وتحقق ومعرفة,E01,packages/identity/index.js;packages/crypto/index.js;packages/capability/index.js;packages/policy/src/rules.js;packages/protocol/index.js;packages/ast/index.js;tests/capability.test.js;tests/endpoint.test.js;tests/security.test.js,policy rules موجودة؛ افصل قواعد المجال عن قواعد الإذن,قواعد المجال لا تستطيع تعديل policy أو mint capability,NOT_CONNECTED,P15,nexa-execution-plan.ar.md#p15,PLANNED_NOT_IMPLEMENTED_BY_THIS_DOCUMENT
B006,Constraint Solver,D,ديمو/محاكاة,R5,P1,R1;R2,QA + Security + Knowledge,جودة وتحقق ومعرفة,E19,packages/cells/celia/omega/src/formal-z3-verification.js;packages/cells/celia/ultimate/src/z3-verifier.js;packages/cells/celia/infinite/src/neural-symbolic-engine.js,استبدال heuristics بمحلل قيود حقيقي bounded,حل معروف وunsatisfiable وtimeout/unknown تعالج بصدق,NOT_CONNECTED,P15,nexa-execution-plan.ar.md#p15,PLANNED_NOT_IMPLEMENTED_BY_THIS_DOCUMENT
B007,SAT Solver,D,ديمو/محاكاة,R5,P1,R1;R2,QA + Security + Knowledge,جودة وتحقق ومعرفة,E19,packages/cells/celia/omega/src/formal-z3-verification.js;packages/cells/celia/ultimate/src/z3-verifier.js;packages/cells/celia/infinite/src/neural-symbolic-engine.js,توصيل solver فعلي بدل نتائج SAT/UNSAT المسماة فقط,حالات SAT وUNSAT مرجعية واختبار صحة model/certificate,NOT_CONNECTED,P15,nexa-execution-plan.ar.md#p15,PLANNED_NOT_IMPLEMENTED_BY_THIS_DOCUMENT
B008,SMT Solver,D,ديمو/محاكاة,R5,P1,R1;R2,QA + Security + Knowledge,جودة وتحقق ومعرفة,E19,packages/cells/celia/omega/src/formal-z3-verification.js;packages/cells/celia/ultimate/src/z3-verifier.js;packages/cells/celia/infinite/src/neural-symbolic-engine.js,Z3 الحالي mock؛ اعتماد port محدود لنظريات معلنة,صيغة violation: SAT counterexample وUNSAT تحت الفرضيات وUNKNOWN لا PASS,NOT_CONNECTED,P15,nexa-execution-plan.ar.md#p15,PLANNED_NOT_IMPLEMENTED_BY_THIS_DOCUMENT
B009,Probabilistic Reasoning,P,جزئي أو أساس قريب,R6,P2,R2;R4;R5;reviewed-data,ML + Evaluation,تعلم مرشح وتقييم ومعايرة,"E06,E11",packages/learning/src/reflection.js;packages/learning/src/knowledge.js;packages/learning/src/hypothesis.js;packages/learning/src/benchmark.js;packages/learning/src/learner.js;tests/omega-learning.test.js;packages/cells/celia/learning/src/data.js;packages/cells/celia/learning/src/models.js;tools/celia-learning-store.mjs;tools/celia-learning.mjs;tests/celia-learning.test.js;docs/celia-adaptive-learning.ar.md,posterior وscores موجودة؛ يلزم احتمالات ومعايرة وافتراضات معلنة,Brier/ECE وintervals على holdout لا ثقة مأخوذة من الاسم,CONDITIONAL_LOCAL_DATA,P14,nexa-execution-plan.ar.md#p14,PLANNED_NOT_IMPLEMENTED_BY_THIS_DOCUMENT
B010,Bayesian Network,N,غير ظاهر في نطاق الفحص,R8,P3,R1;R2;use-case-ADR;R5/R6-if-training,ML/Formal/Infrastructure حسب ADR,بحث وتكامل نموذج/عتاد مشروط,E00,,تنفيذ graph وCPTs واستدلال احتمالي لحالة استخدام محددة,مقارنة inference مع مسائل ذات احتمالات معلومة,NOT_CONNECTED,P17,nexa-execution-plan.ar.md#p17,PLANNED_NOT_IMPLEMENTED_BY_THIS_DOCUMENT
B011,Causal Inference,D,ديمو/محاكاة,R8,P3,R1;R2;use-case-ADR;R5/R6-if-training,ML/Formal/Infrastructure حسب ADR,بحث وتكامل نموذج/عتاد مشروط,E26,packages/cells/celia/singularity/src/causal-do-calculus.js,النتائج الحالية عشوائية؛ يلزم design وبيانات وافتراضات تعريف,أثر سببي على تجربة مناسبة أو امتناع عند عدم identifiability,NOT_CONNECTED,P17,nexa-execution-plan.ar.md#p17,PLANNED_NOT_IMPLEMENTED_BY_THIS_DOCUMENT
B012,Causal Graph,P,جزئي أو أساس قريب,R8,P3,R1;R2;use-case-ADR;R5/R6-if-training,ML/Formal/Infrastructure حسب ADR,بحث وتكامل نموذج/عتاد مشروط,E26,packages/cells/celia/singularity/src/causal-do-calculus.js,بنية graph موجودة؛ معنى السببية والتحقق غير مثبتين,DAG صالح وافتراضات موثقة وفصل association عن intervention,NOT_CONNECTED,P17,nexa-execution-plan.ar.md#p17,PLANNED_NOT_IMPLEMENTED_BY_THIS_DOCUMENT
B013,Temporal Reasoning,P,جزئي أو أساس قريب,R5,P1,R1;R2,QA + Security + Knowledge,جودة وتحقق ومعرفة,"E01,E10",packages/identity/index.js;packages/crypto/index.js;packages/capability/index.js;packages/policy/src/rules.js;packages/protocol/index.js;packages/ast/index.js;tests/capability.test.js;tests/endpoint.test.js;tests/security.test.js;packages/evidence/index.js;packages/runtime/src/ledger.js;packages/cells/celia/executor/src/event-sourcing.js;tests/evidence.test.js,expiry وtimestamps ليست محركًا عامًا؛ نمذجة intervals وترتيب,اختبارات clocks/causal ordering وعدم قلب قبل/بعد,NOT_CONNECTED,P15,nexa-execution-plan.ar.md#p15,PLANNED_NOT_IMPLEMENTED_BY_THIS_DOCUMENT
B014,Spatial Reasoning,N,غير ظاهر في نطاق الفحص,R8,P3,R1;R2;use-case-ADR;R5/R6-if-training,ML/Formal/Infrastructure حسب ADR,بحث وتكامل نموذج/عتاد مشروط,E00,,اختياري فقط لمهمة مكانية؛ هندسة وتمثيل إحداثيات واضح,اختبارات وحدات وتحويلات وتقاطعات مرجعية,NOT_CONNECTED,P17,nexa-execution-plan.ar.md#p17,PLANNED_NOT_IMPLEMENTED_BY_THIS_DOCUMENT
B015,Counterfactual Reasoning,D,ديمو/محاكاة,R8,P3,R1;R2;use-case-ADR;R5/R6-if-training,ML/Formal/Infrastructure حسب ADR,بحث وتكامل نموذج/عتاد مشروط,E26,packages/cells/celia/singularity/src/causal-do-calculus.js,counterfactual الحالي mock؛ اربطه بنموذج سببي صالح,فرضيات abduction/action/prediction معلنة ونتائج قابلة للتحقق,NOT_CONNECTED,P17,nexa-execution-plan.ar.md#p17,PLANNED_NOT_IMPLEMENTED_BY_THIS_DOCUMENT
B016,Abductive Reasoning,P,جزئي أو أساس قريب,R5,P1,R1;R2,QA + Security + Knowledge,جودة وتحقق ومعرفة,E06,packages/learning/src/reflection.js;packages/learning/src/knowledge.js;packages/learning/src/hypothesis.js;packages/learning/src/benchmark.js;packages/learning/src/learner.js;tests/omega-learning.test.js,فرضيات الفشل أساس؛ إضافة تفسيرات منافسة وقواعد استبعاد,أفضل تفسير لا يُرقّى لحقيقة بلا دليل مستقل,NOT_CONNECTED,P15,nexa-execution-plan.ar.md#p15,PLANNED_NOT_IMPLEMENTED_BY_THIS_DOCUMENT
B017,Inductive Reasoning,P,جزئي أو أساس قريب,R6,P2,R2;R4;R5;reviewed-data,ML + Evaluation,تعلم مرشح وتقييم ومعايرة,"E06,E11",packages/learning/src/reflection.js;packages/learning/src/knowledge.js;packages/learning/src/hypothesis.js;packages/learning/src/benchmark.js;packages/learning/src/learner.js;tests/omega-learning.test.js;packages/cells/celia/learning/src/data.js;packages/cells/celia/learning/src/models.js;tools/celia-learning-store.mjs;tools/celia-learning.mjs;tests/celia-learning.test.js;docs/celia-adaptive-learning.ar.md,pattern mining وتدريب موجودان؛ قياس التعميم بدل حفظ الأمثلة,أداء على مهام جديدة مع منع التسرب وتوثيق حدود الاستنتاج,NOT_CONNECTED,P14,nexa-execution-plan.ar.md#p14,PLANNED_NOT_IMPLEMENTED_BY_THIS_DOCUMENT
B018,Deductive Reasoning,P,جزئي أو أساس قريب,R5,P1,R1;R2,QA + Security + Knowledge,جودة وتحقق ومعرفة,"E01,E06",packages/identity/index.js;packages/crypto/index.js;packages/capability/index.js;packages/policy/src/rules.js;packages/protocol/index.js;packages/ast/index.js;tests/capability.test.js;tests/endpoint.test.js;tests/security.test.js;packages/learning/src/reflection.js;packages/learning/src/knowledge.js;packages/learning/src/hypothesis.js;packages/learning/src/benchmark.js;packages/learning/src/learner.js;tests/omega-learning.test.js,قواعد محلية موجودة؛ تعميم استنتاجات مجال قابلة للتتبع,نتيجة صحيحة من مقدمات معلنة ورفض مقدمات متناقضة حسب المنطق المختار,NOT_CONNECTED,P15,nexa-execution-plan.ar.md#p15,PLANNED_NOT_IMPLEMENTED_BY_THIS_DOCUMENT
B019,Analogical Reasoning,P,جزئي أو أساس قريب,R4,P1,R2;R3,Agent + QA,وكيل إصلاح محدود وقابل للقياس,E07,packages/runtime/src/memory.js;packages/cells/celia/memory/src/lifecycle.js;packages/cells/celia/memory/src/procedural-store.js;packages/cells/celia/memory/src/belief-engine.js;packages/cells/celia/memory/src/governed-engine.js;packages/cells/celia/memory/src/vector-store.js,procedural recall أساس؛ تحقق تشابه المشكلة وحدود النقل,وصفة مشابهة لا تطبق عند اختلاف preconditions الجوهرية,NOT_CONNECTED,P12,nexa-execution-plan.ar.md#p12,PLANNED_NOT_IMPLEMENTED_BY_THIS_DOCUMENT
B020,Fuzzy Logic,N,غير ظاهر في نطاق الفحص,R8,P3,R1;R2;use-case-ADR;R5/R6-if-training,ML/Formal/Infrastructure حسب ADR,بحث وتكامل نموذج/عتاد مشروط,E00,,محرك fuzzy فعلي فقط إن احتاجت المهمة قيمًا غير حادة,membership/rules واختبارات حدود؛ لا تحويل الغموض إلى authorization,NOT_CONNECTED,P17,nexa-execution-plan.ar.md#p17,PLANNED_NOT_IMPLEMENTED_BY_THIS_DOCUMENT
B021,Formal Verification,D,ديمو/محاكاة,R5,P1,R1;R2,QA + Security + Knowledge,جودة وتحقق ومعرفة,E19,packages/cells/celia/omega/src/formal-z3-verification.js;packages/cells/celia/ultimate/src/z3-verifier.js;packages/cells/celia/infinite/src/neural-symbolic-engine.js,استبدال الادعاءات الشكلية بإثبات خصائص محددة على نموذج معلوم,artifact قابل للتحقق مع assumptions وcounterexamples لا وعد صفر أخطاء,NOT_CONNECTED,P15,nexa-execution-plan.ar.md#p15,PLANNED_NOT_IMPLEMENTED_BY_THIS_DOCUMENT
B022,Model Checking,N,غير ظاهر في نطاق الفحص,R5,P1,R1;R2,QA + Security + Knowledge,جودة وتحقق ومعرفة,"E00,E13",packages/cell/src/lifecycle.js;packages/cell/src/health.js;packages/cell/src/homeostasis.js;packages/cell/src/membrane.js;packages/cell/src/tissue.js;packages/cell/src/organism.js;tests/cellular.test.js,نمذجة lifecycle/workflow وفحص safety/liveness,counterexample لحالة معيبة ونجاح نموذج محدود بعد إصلاحها,NOT_CONNECTED,P15,nexa-execution-plan.ar.md#p15,PLANNED_NOT_IMPLEMENTED_BY_THIS_DOCUMENT
B023,Theorem Proving,N,غير ظاهر في نطاق الفحص,R8,P3,R1;R2;use-case-ADR;R5/R6-if-training,ML/Formal/Infrastructure حسب ADR,بحث وتكامل نموذج/عتاد مشروط,E00,,تكامل proof assistant عندما تبرر الخاصية كلفته,مدقق مستقل يقبل البرهان؛ النص المولّد ليس proof,NOT_CONNECTED,P17,nexa-execution-plan.ar.md#p17,PLANNED_NOT_IMPLEMENTED_BY_THIS_DOCUMENT
B024,Symbolic Execution,N,غير ظاهر في نطاق الفحص,R5,P1,R1;R2,QA + Security + Knowledge,جودة وتحقق ومعرفة,"E00,E19",packages/cells/celia/omega/src/formal-z3-verification.js;packages/cells/celia/ultimate/src/z3-verifier.js;packages/cells/celia/infinite/src/neural-symbolic-engine.js,أداة تحليل رمزي مع حدود المسارات واللغة,استخراج input يكسر invariant وتشغيله فعليًا لإعادة العيب,NOT_CONNECTED,P15,nexa-execution-plan.ar.md#p15,PLANNED_NOT_IMPLEMENTED_BY_THIS_DOCUMENT
B025,Static Analysis,M,موجود محليًا محدود,R5,P1,R1;R2,QA + Security + Knowledge,جودة وتحقق ومعرفة,E16,packages/compiler/src/analyzer.js;packages/compiler/index.js;tests/omega-compiler.test.js;tools/celia-ast-port.mjs,compiler checks فعلية لـNEXA؛ أضف تحليل JS/TS حقيقيًا,parser كامل وtaint/lint tests دون ادعاء أن regex هو AST كامل,NOT_CONNECTED,P11,nexa-execution-plan.ar.md#p11,PLANNED_NOT_IMPLEMENTED_BY_THIS_DOCUMENT
B026,Dynamic Analysis,P,جزئي أو أساس قريب,R5,P1,R1;R2,QA + Security + Knowledge,جودة وتحقق ومعرفة,"E09,E15",tools/celia-workspace-write-auth.mjs;tools/celia-workspace-commit-auth.mjs;tools/celia-workspace-commit-port.mjs;tools/celia-commit-consumption-store.mjs;tools/celia-workspace-port.mjs;tests/celia-workspace-commit-hardening.test.js;tests/celia-workspace-commit-persistence.test.js;docs/celia-workspace-commit-h1-persistence.ar.md;tests/security.test.js;tests/omega-security.test.js;tests/omega-invariants.test.js;tests/canonical.test.js;tests/google-attacks.test.js;tools/omega-attacks.mjs;tools/check-posture.mjs;package.json,اختبارات عملية موجودة؛ توحيد instrumentation داخل sandbox,trace وcoverage لمثال معيب وإعادة إنتاجه دون أثر المضيف,NOT_CONNECTED,P11,nexa-execution-plan.ar.md#p11,PLANNED_NOT_IMPLEMENTED_BY_THIS_DOCUMENT
B027,Program Synthesis,D,ديمو/محاكاة,R8,P3,R1;R2;use-case-ADR;R5/R6-if-training,ML/Formal/Infrastructure حسب ADR,بحث وتكامل نموذج/عتاد مشروط,"E19,E27",packages/cells/celia/omega/src/formal-z3-verification.js;packages/cells/celia/ultimate/src/z3-verifier.js;packages/cells/celia/infinite/src/neural-symbolic-engine.js;packages/cells/celia/singularity/src/federated-noospheric.js;packages/cells/celia/singularity/src/synthetic-dreaming.js;packages/cells/celia/singularity/src/monadic-synthesis.js,قوالب ديمو ليست synthesis؛ specifications وبحث محدود,برنامج يحقق spec واختبارات مستقلة ضمن domain ضيق,NOT_CONNECTED,P17,nexa-execution-plan.ar.md#p17,PLANNED_NOT_IMPLEMENTED_BY_THIS_DOCUMENT
B028,Code Generation,P,جزئي أو أساس قريب,R4,P1,R2;R3,Agent + QA,وكيل إصلاح محدود وقابل للقياس,"E03,E16",packages/runtime/src/providers.js;tools/celia-grok-port.mjs;packages/compiler/src/analyzer.js;packages/compiler/index.js;tests/omega-compiler.test.js;tools/celia-ast-port.mjs,موصل اقتراحات موجود؛ يلزم model call فعلي وpatch schema,شفرة في staging فقط مع syntax/tests وصلاحية منفصلة للتطبيق,NOT_CONNECTED,P12,nexa-execution-plan.ar.md#p12,PLANNED_NOT_IMPLEMENTED_BY_THIS_DOCUMENT
B029,Code Repair,P,جزئي أو أساس قريب,R4,P1,R2;R3,Agent + QA,وكيل إصلاح محدود وقابل للقياس,"E05,E09,E11",packages/runtime/src/machine.js;packages/runtime/src/authority.js;packages/runtime/src/session.js;packages/runtime/src/healer.js;packages/runtime/src/breaker.js;tests/omega-runtime.test.js;tools/celia-workspace-write-auth.mjs;tools/celia-workspace-commit-auth.mjs;tools/celia-workspace-commit-port.mjs;tools/celia-commit-consumption-store.mjs;tools/celia-workspace-port.mjs;tests/celia-workspace-commit-hardening.test.js;tests/celia-workspace-commit-persistence.test.js;docs/celia-workspace-commit-h1-persistence.ar.md;packages/cells/celia/learning/src/data.js;packages/cells/celia/learning/src/models.js;tools/celia-learning-store.mjs;tools/celia-learning.mjs;tests/celia-learning.test.js;docs/celia-adaptive-learning.ar.md,ML يرتب فقط؛ إضافة توليد patch والتحقق المستقل,إصلاح genuine RED دون تغيير اختبار القبول أو توسيع الصلاحية,BLOCKED,P12,nexa-execution-plan.ar.md#p12,PLANNED_NOT_IMPLEMENTED_BY_THIS_DOCUMENT
B030,Code Refactoring,P,جزئي أو أساس قريب,R5,P1,R1;R2,QA + Security + Knowledge,جودة وتحقق ومعرفة,E16,packages/compiler/src/analyzer.js;packages/compiler/index.js;tests/omega-compiler.test.js;tools/celia-ast-port.mjs,patch port أولي؛ يلزم parser/transforms يحافظان على المعنى,اختبارات semantics وAPI وعدم تغيير سلوك غير مقصود,NOT_CONNECTED,P11,nexa-execution-plan.ar.md#p11,PLANNED_NOT_IMPLEMENTED_BY_THIS_DOCUMENT
B031,Code Review Agent,P,جزئي أو أساس قريب,R4,P1,R2;R3,Agent + QA,وكيل إصلاح محدود وقابل للقياس,"E04,E16",packages/cells/celia/planner/src/grok.js;packages/cells/celia/executor/src/executor.js;packages/cells/celia/executor/src/tool-registry.js;packages/cells/celia/executor/src/adaptive-dag.js;tools/dag-executor.mjs;packages/compiler/src/analyzer.js;packages/compiler/index.js;tests/omega-compiler.test.js;tools/celia-ast-port.mjs,review mission موجودة؛ يلزم reviewer بإسناد وتقييم,اكتشاف عيوب مزروعة مع precision/recall ومعالجة false positives,NOT_CONNECTED,P12,nexa-execution-plan.ar.md#p12,PLANNED_NOT_IMPLEMENTED_BY_THIS_DOCUMENT
B032,Test Generation,P,جزئي أو أساس قريب,R5,P1,R1;R2,QA + Security + Knowledge,جودة وتحقق ومعرفة,E04,packages/cells/celia/planner/src/grok.js;packages/cells/celia/executor/src/executor.js;packages/cells/celia/executor/src/tool-registry.js;packages/cells/celia/executor/src/adaptive-dag.js;tools/dag-executor.mjs,عقد test موجود؛ لا generator مثبت؛ أضف توليدًا معزولًا,الاختبار يفشل قبل الإصلاح وينجح بعده ولا يضعف الاختبارات السابقة,NOT_CONNECTED,P11,nexa-execution-plan.ar.md#p11,PLANNED_NOT_IMPLEMENTED_BY_THIS_DOCUMENT
B033,Test Selection,N,غير ظاهر في نطاق الفحص,R5,P1,R1;R2,QA + Security + Knowledge,جودة وتحقق ومعرفة,"E00,E16",packages/compiler/src/analyzer.js;packages/compiler/index.js;tests/omega-compiler.test.js;tools/celia-ast-port.mjs,اختيار سريع بحسب impact مع full regression gate إلزامي,عيب خارج الملفات المباشرة لا يفلت من فحص القبول النهائي,NOT_CONNECTED,P11,nexa-execution-plan.ar.md#p11,PLANNED_NOT_IMPLEMENTED_BY_THIS_DOCUMENT
B034,Mutation Testing,N,غير ظاهر في نطاق الفحص,R5,P1,R1;R2,QA + Security + Knowledge,جودة وتحقق ومعرفة,E00,,أداة mutation فعلية لا تغيير شفرة عشوائي كديمو,نسبة قتل mutations ذات معنى مع استبعاد equivalent mutations موثق,NOT_CONNECTED,P11,nexa-execution-plan.ar.md#p11,PLANNED_NOT_IMPLEMENTED_BY_THIS_DOCUMENT
B035,Fuzzing,P,جزئي أو أساس قريب,R5,P1,R1;R2,QA + Security + Knowledge,جودة وتحقق ومعرفة,E15,tests/security.test.js;tests/omega-security.test.js;tests/omega-invariants.test.js;tests/canonical.test.js;tests/google-attacks.test.js;tools/omega-attacks.mjs;tools/check-posture.mjs;package.json,مدخلات عدائية موجودة؛ أضف corpus وcoverage-guided fuzz,crashes قابلة للتكرار وminimization وبذرة مسجلة,NOT_CONNECTED,P11,nexa-execution-plan.ar.md#p11,PLANNED_NOT_IMPLEMENTED_BY_THIS_DOCUMENT
B036,Property-Based Testing,P,جزئي أو أساس قريب,R5,P1,R1;R2,QA + Security + Knowledge,جودة وتحقق ومعرفة,E15,tests/security.test.js;tests/omega-security.test.js;tests/omega-invariants.test.js;tests/canonical.test.js;tests/google-attacks.test.js;tools/omega-attacks.mjs;tools/check-posture.mjs;package.json,invariants/vectors أساس؛ أضف generators وshrinking,اختبار roundtrip/attenuation/idempotency بمولدات محدودة,NOT_CONNECTED,P11,nexa-execution-plan.ar.md#p11,PLANNED_NOT_IMPLEMENTED_BY_THIS_DOCUMENT
B037,Regression Detection,M,موجود محليًا محدود,R5,P1,R1;R2,QA + Security + Knowledge,جودة وتحقق ومعرفة,"E06,E15",packages/learning/src/reflection.js;packages/learning/src/knowledge.js;packages/learning/src/hypothesis.js;packages/learning/src/benchmark.js;packages/learning/src/learner.js;tests/omega-learning.test.js;tests/security.test.js;tests/omega-security.test.js;tests/omega-invariants.test.js;tests/canonical.test.js;tests/google-attacks.test.js;tools/omega-attacks.mjs;tools/check-posture.mjs;package.json,إعادة استخدام compareRuns وverify مع corpus الإصلاحات,لا تغيير baseline أو إخفاء H2/H3 لكي يصبح التقرير أخضر,NOT_CONNECTED,P11,nexa-execution-plan.ar.md#p11,PLANNED_NOT_IMPLEMENTED_BY_THIS_DOCUMENT
B038,Dependency Analysis,P,جزئي أو أساس قريب,R5,P1,R1;R2,QA + Security + Knowledge,جودة وتحقق ومعرفة,E16,packages/compiler/src/analyzer.js;packages/compiler/index.js;tests/omega-compiler.test.js;tools/celia-ast-port.mjs,import checks أولية؛ يلزم graph للاعتماديات والإصدارات,كشف مسارات اعتماد ودورات وتأثر تغيير package,NOT_CONNECTED,P11,nexa-execution-plan.ar.md#p11,PLANNED_NOT_IMPLEMENTED_BY_THIS_DOCUMENT
B039,Supply Chain Security,P,جزئي أو أساس قريب,R1,P0,R0,Security + Platform,بوابة تنفيذ وعزل وهوية موحدة,"E12,E15",packages/evolution/src/manifest.js;packages/evolution/src/gate.js;packages/evolution/src/registry.js;packages/cellular-evolution/index.js;tests/omega-evolution.test.js;tests/security.test.js;tests/omega-security.test.js;tests/omega-invariants.test.js;tests/canonical.test.js;tests/google-attacks.test.js;tools/omega-attacks.mjs;tools/check-posture.mjs;package.json,manifest signing أساس؛ توسيع السياسة للحزم والبناء والأدوات,حزمة أو أداة معدلة/غير مثبتة المصدر تُرفض قبل التنفيذ,NOT_CONNECTED,P04,nexa-execution-plan.ar.md#p04,PLANNED_NOT_IMPLEMENTED_BY_THIS_DOCUMENT
B040,SBOM Engine,N,غير ظاهر في نطاق الفحص,R5,P1,R1;R2,QA + Security + Knowledge,جودة وتحقق ومعرفة,E00,,توليد CycloneDX أو SPDX من graph فعلي مع licenses,قائمة قابلة لإعادة الإنتاج تشمل direct/transitive dependencies,NOT_CONNECTED,P11,nexa-execution-plan.ar.md#p11,PLANNED_NOT_IMPLEMENTED_BY_THIS_DOCUMENT
B041,Vulnerability Scanner,N,غير ظاهر في نطاق الفحص,R5,P1,R1;R2,QA + Security + Knowledge,جودة وتحقق ومعرفة,E00,,دمج advisory database/scanner موثق لا اختراع CVEs,fixtures فيها ثغرة معروفة وإصلاحها وإدارة الاستثناءات وانتهاء صلاحيتها,NOT_CONNECTED,P11,nexa-execution-plan.ar.md#p11,PLANNED_NOT_IMPLEMENTED_BY_THIS_DOCUMENT
B042,Secrets Vault,P,جزئي أو أساس قريب,R1,P0,R0,Security + Platform,بوابة تنفيذ وعزل وهوية موحدة,"E03,E14",packages/runtime/src/providers.js;tools/celia-grok-port.mjs;packages/cells/google/identity/src/verify.js;packages/cells/google/identity/src/bindings.js;packages/cells/google/gateway/src/approvals.js;packages/cells/google/gateway/src/limiter.js;packages/cells/google/gateway/src/vault.js;packages/cells/google/gateway/src/scan.js;packages/cells/google/gateway/src/classes.js;tests/google-gateway.test.js;tests/google-binding.test.js,vault handles موجودة؛ يلزم backend دائم وتدوير وسياسة وصول,material لا يخرج إلى agent/log ويُسحب الوصول بعد revoke,NOT_CONNECTED,P05,nexa-execution-plan.ar.md#p05,PLANNED_NOT_IMPLEMENTED_BY_THIS_DOCUMENT
B043,Key Management,P,جزئي أو أساس قريب,R1,P0,R0,Security + Platform,بوابة تنفيذ وعزل وهوية موحدة,"E01,E14",packages/identity/index.js;packages/crypto/index.js;packages/capability/index.js;packages/policy/src/rules.js;packages/protocol/index.js;packages/ast/index.js;tests/capability.test.js;tests/endpoint.test.js;tests/security.test.js;packages/cells/google/identity/src/verify.js;packages/cells/google/identity/src/bindings.js;packages/cells/google/gateway/src/approvals.js;packages/cells/google/gateway/src/limiter.js;packages/cells/google/gateway/src/vault.js;packages/cells/google/gateway/src/scan.js;packages/cells/google/gateway/src/classes.js;tests/google-gateway.test.js;tests/google-binding.test.js,مفاتيح وهوية محلية؛ يلزم lifecycle وbackup/rotation موثقان,اختبارات فقد/تدوير/سحب دون عودة grant مستهلكة,NOT_CONNECTED,P04,nexa-execution-plan.ar.md#p04,PLANNED_NOT_IMPLEMENTED_BY_THIS_DOCUMENT
B044,Identity Federation,P,جزئي أو أساس قريب,R1,P0,R0,Security + Platform,بوابة تنفيذ وعزل وهوية موحدة,E14,packages/cells/google/identity/src/verify.js;packages/cells/google/identity/src/bindings.js;packages/cells/google/gateway/src/approvals.js;packages/cells/google/gateway/src/limiter.js;packages/cells/google/gateway/src/vault.js;packages/cells/google/gateway/src/scan.js;packages/cells/google/gateway/src/classes.js;tests/google-gateway.test.js;tests/google-binding.test.js,Google verifier/bindings حقيقية محليًا؛ integration live غير مثبت,issuer/audience/nonce وربط owner صريح في بيئة اختبار معزولة,NOT_CONNECTED,P04,nexa-execution-plan.ar.md#p04,PLANNED_NOT_IMPLEMENTED_BY_THIS_DOCUMENT
B045,Attestation,P,جزئي أو أساس قريب,R8,P3,R1;R2;use-case-ADR;R5/R6-if-training,ML/Formal/Infrastructure حسب ADR,بحث وتكامل نموذج/عتاد مشروط,"E10,E12",packages/evidence/index.js;packages/runtime/src/ledger.js;packages/cells/celia/executor/src/event-sourcing.js;tests/evidence.test.js;packages/evolution/src/manifest.js;packages/evolution/src/gate.js;packages/evolution/src/registry.js;packages/cellular-evolution/index.js;tests/omega-evolution.test.js,توقيع manifest ليس runtime attestation؛ أضف قياس منصة موثوقة,fresh nonce وقياس binary/config ومصدر ثقة مستقل,NOT_CONNECTED,P17,nexa-execution-plan.ar.md#p17,PLANNED_NOT_IMPLEMENTED_BY_THIS_DOCUMENT
B046,Trusted Execution,N,غير ظاهر في نطاق الفحص,R8,P3,R1;R2;use-case-ADR;R5/R6-if-training,ML/Formal/Infrastructure حسب ADR,بحث وتكامل نموذج/عتاد مشروط,E00,,حدد هل المطلوب sandbox أم TEE؛ لا تخلط المصطلحين,إثبات حدود الثقة وفشل القياس يمنع إتاحة الأسرار,NOT_CONNECTED,P17,nexa-execution-plan.ar.md#p17,PLANNED_NOT_IMPLEMENTED_BY_THIS_DOCUMENT
B047,Secure Enclave,N,غير ظاهر في نطاق الفحص,R8,P3,R1;R2;use-case-ADR;R5/R6-if-training,ML/Formal/Infrastructure حسب ADR,بحث وتكامل نموذج/عتاد مشروط,E00,,شراء/تكامل عتاد أو خدمة تدعم enclave عند الحاجة,attestation وفصل مفاتيح واختبار platform فعلي لا mock,NOT_CONNECTED,P17,nexa-execution-plan.ar.md#p17,PLANNED_NOT_IMPLEMENTED_BY_THIS_DOCUMENT
B048,Confidential Computing,N,غير ظاهر في نطاق الفحص,R8,P3,R1;R2;use-case-ADR;R5/R6-if-training,ML/Formal/Infrastructure حسب ADR,بحث وتكامل نموذج/عتاد مشروط,E00,,قرار threat model وplatform قبل الادعاء بحماية in-use,تشفير ومصادقة وattestation وحدود side channels موثقة,NOT_CONNECTED,P17,nexa-execution-plan.ar.md#p17,PLANNED_NOT_IMPLEMENTED_BY_THIS_DOCUMENT
B049,Differential Privacy,N,غير ظاهر في نطاق الفحص,R8,P3,R1;R2;use-case-ADR;R5/R6-if-training,ML/Formal/Infrastructure حسب ADR,بحث وتكامل نموذج/عتاد مشروط,E00,,آلية DP حقيقية مع accountant وميزانية خصوصية,epsilon/delta وتركيب عبر الجولات مع قياس utility loss,NOT_CONNECTED,P17,nexa-execution-plan.ar.md#p17,PLANNED_NOT_IMPLEMENTED_BY_THIS_DOCUMENT
B050,Federated Learning,D,ديمو/محاكاة,R8,P3,R1;R2;use-case-ADR;R5/R6-if-training,ML/Formal/Infrastructure حسب ADR,بحث وتكامل نموذج/عتاد مشروط,E27,packages/cells/celia/singularity/src/federated-noospheric.js;packages/cells/celia/singularity/src/synthetic-dreaming.js;packages/cells/celia/singularity/src/monadic-synthesis.js,المحرك يجمع مقتطفات نص لا FedAvg؛ يلزم تدريب موزع فعلي,تجميع تحديثات نماذج وعدم إرسال الخام وتهديد gradient leakage مقاس,NOT_CONNECTED,P17,nexa-execution-plan.ar.md#p17,PLANNED_NOT_IMPLEMENTED_BY_THIS_DOCUMENT
B051,Continual Learning,P,جزئي أو أساس قريب,R6,P2,R2;R4;R5;reviewed-data,ML + Evaluation,تعلم مرشح وتقييم ومعايرة,"E06,E11",packages/learning/src/reflection.js;packages/learning/src/knowledge.js;packages/learning/src/hypothesis.js;packages/learning/src/benchmark.js;packages/learning/src/learner.js;tests/omega-learning.test.js;packages/cells/celia/learning/src/data.js;packages/cells/celia/learning/src/models.js;tools/celia-learning-store.mjs;tools/celia-learning.mjs;tests/celia-learning.test.js;docs/celia-adaptive-learning.ar.md,retraining offline موجود؛ أضف replay/eval ضد النسيان,مهام قديمة لا تتدهور خارج الهامش مع تحسن الجديدة,NOT_CONNECTED,P14,nexa-execution-plan.ar.md#p14,PLANNED_NOT_IMPLEMENTED_BY_THIS_DOCUMENT
B052,Online Learning,N,غير ظاهر في نطاق الفحص,R6,P2,R2;R4;R5;reviewed-data,ML + Evaluation,تعلم مرشح وتقييم ومعايرة,"E00,E11",packages/cells/celia/learning/src/data.js;packages/cells/celia/learning/src/models.js;tools/celia-learning-store.mjs;tools/celia-learning.mjs;tests/celia-learning.test.js;docs/celia-adaptive-learning.ar.md,لا تحديث production لكل رسالة؛ shadow stream مع مراجعة labels,تحديث مرشح محدود وزر توقف؛ البيانات المسمومة لا تفعّل نموذجًا,NOT_CONNECTED,P14,nexa-execution-plan.ar.md#p14,PLANNED_NOT_IMPLEMENTED_BY_THIS_DOCUMENT
B053,Active Learning,N,غير ظاهر في نطاق الفحص,R6,P2,R2;R4;R5;reviewed-data,ML + Evaluation,تعلم مرشح وتقييم ومعايرة,"E00,E11",packages/cells/celia/learning/src/data.js;packages/cells/celia/learning/src/models.js;tools/celia-learning-store.mjs;tools/celia-learning.mjs;tests/celia-learning.test.js;docs/celia-adaptive-learning.ar.md,اختيار عينات مفيدة للتوسيم مع stratified coverage,تقليل تكلفة الوسم عند جودة ثابتة دون إهمال الحالات الخطرة,NOT_CONNECTED,P14,nexa-execution-plan.ar.md#p14,PLANNED_NOT_IMPLEMENTED_BY_THIS_DOCUMENT
B054,Reinforcement Learning,N,غير ظاهر في نطاق الفحص,R8,P3,R1;R2;use-case-ADR;R5/R6-if-training,ML/Formal/Infrastructure حسب ADR,بحث وتكامل نموذج/عتاد مشروط,"E00,E11",packages/cells/celia/learning/src/data.js;packages/cells/celia/learning/src/models.js;tools/celia-learning-store.mjs;tools/celia-learning.mjs;tests/celia-learning.test.js;docs/celia-adaptive-learning.ar.md,بيئة simulator ومكافأة قابلة للتدقيق قبل policy optimization,baseline وoffline evaluation واختبارات reward hacking وsafety constraints,NOT_CONNECTED,P17,nexa-execution-plan.ar.md#p17,PLANNED_NOT_IMPLEMENTED_BY_THIS_DOCUMENT
B055,RLHF,N,غير ظاهر في نطاق الفحص,R8,P3,R1;R2;use-case-ADR;R5/R6-if-training,ML/Formal/Infrastructure حسب ADR,بحث وتكامل نموذج/عتاد مشروط,"E00,E11",packages/cells/celia/learning/src/data.js;packages/cells/celia/learning/src/models.js;tools/celia-learning-store.mjs;tools/celia-learning.mjs;tests/celia-learning.test.js;docs/celia-adaptive-learning.ar.md,مراجعة binary الحالية ليست RLHF؛ يلزم preference data وreward/policy training,موافقة البيانات وتقييم مستقل لمنع تفضيل مظهر النجاح على صحته,NOT_CONNECTED,P17,nexa-execution-plan.ar.md#p17,PLANNED_NOT_IMPLEMENTED_BY_THIS_DOCUMENT
B056,RLAIF,N,غير ظاهر في نطاق الفحص,R8,P3,R1;R2;use-case-ADR;R5/R6-if-training,ML/Formal/Infrastructure حسب ADR,بحث وتكامل نموذج/عتاد مشروط,E00,,وسوم AI لا تصبح ground truth؛ مراجعة بشرية وعزل judge,مقارنة بتحكيم بشري وقياس تحيز/اتفاق لا self-approval,NOT_CONNECTED,P17,nexa-execution-plan.ar.md#p17,PLANNED_NOT_IMPLEMENTED_BY_THIS_DOCUMENT
B057,DPO,N,غير ظاهر في نطاق الفحص,R8,P3,R1;R2;use-case-ADR;R5/R6-if-training,ML/Formal/Infrastructure حسب ADR,بحث وتكامل نموذج/عتاد مشروط,E00,,تدريب preference pairs على نموذج يمكن تعديل أوزانه,train/holdout وعينة بشرية مستقلة وفحص regression والسلامة,NOT_CONNECTED,P17,nexa-execution-plan.ar.md#p17,PLANNED_NOT_IMPLEMENTED_BY_THIS_DOCUMENT
B058,Self-Play,D,ديمو/محاكاة,R8,P3,R1;R2;use-case-ADR;R5/R6-if-training,ML/Formal/Infrastructure حسب ADR,بحث وتكامل نموذج/عتاد مشروط,E27,packages/cells/celia/singularity/src/federated-noospheric.js;packages/cells/celia/singularity/src/synthetic-dreaming.js;packages/cells/celia/singularity/src/monadic-synthesis.js,dreaming العشوائي ليس self-play؛ بيئة ومنافسات قابلة للقياس,تحسن على خصوم ومهام خارج الحلقة لا على تقييم ذاتي دائري,NOT_CONNECTED,P17,nexa-execution-plan.ar.md#p17,PLANNED_NOT_IMPLEMENTED_BY_THIS_DOCUMENT
B059,Curriculum Learning,N,غير ظاهر في نطاق الفحص,R6,P2,R2;R4;R5;reviewed-data,ML + Evaluation,تعلم مرشح وتقييم ومعايرة,"E00,E11",packages/cells/celia/learning/src/data.js;packages/cells/celia/learning/src/models.js;tools/celia-learning-store.mjs;tools/celia-learning.mjs;tests/celia-learning.test.js;docs/celia-adaptive-learning.ar.md,ترتيب بيانات الصعوبة بقواعد قبل التجربة,مقارنة بترتيب عشوائي مع عدم حذف المهام الأصعب من التقييم,NOT_CONNECTED,P14,nexa-execution-plan.ar.md#p14,PLANNED_NOT_IMPLEMENTED_BY_THIS_DOCUMENT
B060,Meta-Learning,N,غير ظاهر في نطاق الفحص,R8,P3,R1;R2;use-case-ADR;R5/R6-if-training,ML/Formal/Infrastructure حسب ADR,بحث وتكامل نموذج/عتاد مشروط,E00,,تجارب adaptation عبر مهام مستقلة إن بررت البيانات,تحسن few-task adaptation على عائلات مهام غير مستخدمة بالتدريب,NOT_CONNECTED,P17,nexa-execution-plan.ar.md#p17,PLANNED_NOT_IMPLEMENTED_BY_THIS_DOCUMENT
B061,Transfer Learning,N,غير ظاهر في نطاق الفحص,R6,P2,R2;R4;R5;reviewed-data,ML + Evaluation,تعلم مرشح وتقييم ومعايرة,"E00,E11",packages/cells/celia/learning/src/data.js;packages/cells/celia/learning/src/models.js;tools/celia-learning-store.mjs;tools/celia-learning.mjs;tests/celia-learning.test.js;docs/celia-adaptive-learning.ar.md,اختيار pretrained model وترخيصه وتجميد/تكييف محدد,أفضلية على training-from-scratch مع فحص negative transfer,NOT_CONNECTED,P14,nexa-execution-plan.ar.md#p14,PLANNED_NOT_IMPLEMENTED_BY_THIS_DOCUMENT
B062,Few-Shot Learning,P,جزئي أو أساس قريب,R4,P1,R2;R3,Agent + QA,وكيل إصلاح محدود وقابل للقياس,"E03,E07",packages/runtime/src/providers.js;tools/celia-grok-port.mjs;packages/runtime/src/memory.js;packages/cells/celia/memory/src/lifecycle.js;packages/cells/celia/memory/src/procedural-store.js;packages/cells/celia/memory/src/belief-engine.js;packages/cells/celia/memory/src/governed-engine.js;packages/cells/celia/memory/src/vector-store.js,قدرة provider محتملة؛ يلزم أمثلة معزولة ومقاسة,أمثلة train فقط ولا تسرب من مسألة holdout أو مستخدم آخر,NOT_CONNECTED,P12,nexa-execution-plan.ar.md#p12,PLANNED_NOT_IMPLEMENTED_BY_THIS_DOCUMENT
B063,Zero-Shot Learning,P,جزئي أو أساس قريب,R4,P1,R2;R3,Agent + QA,وكيل إصلاح محدود وقابل للقياس,E03,packages/runtime/src/providers.js;tools/celia-grok-port.mjs,قدرة تعتمد على النموذج وليست محركًا مستقلًا,قياس نجاح دون أمثلة للمهمة وعدم تعميم النتيجة لكل المجالات,NOT_CONNECTED,P12,nexa-execution-plan.ar.md#p12,PLANNED_NOT_IMPLEMENTED_BY_THIS_DOCUMENT
B064,Distillation,N,غير ظاهر في نطاق الفحص,R8,P3,R1;R2;use-case-ADR;R5/R6-if-training,ML/Formal/Infrastructure حسب ADR,بحث وتكامل نموذج/عتاد مشروط,E00,,teacher/student وحقوق المخرجات وبيانات transfer معلنة,نموذج أصغر مع جودة/كلفة وسلامة مقارنة بمعلّم وbaseline,NOT_CONNECTED,P17,nexa-execution-plan.ar.md#p17,PLANNED_NOT_IMPLEMENTED_BY_THIS_DOCUMENT
B065,Quantization,N,غير ظاهر في نطاق الفحص,R8,P3,R1;R2;use-case-ADR;R5/R6-if-training,ML/Formal/Infrastructure حسب ADR,بحث وتكامل نموذج/عتاد مشروط,E00,,اختيار صيغة ودعم runtime/عتاد بدل تعديل أسماء الدقة,قياس size/latency/accuracy واختبارات مهام حرجة بعد التحويل,NOT_CONNECTED,P17,nexa-execution-plan.ar.md#p17,PLANNED_NOT_IMPLEMENTED_BY_THIS_DOCUMENT
B066,Pruning,N,غير ظاهر في نطاق الفحص,R8,P3,R1;R2;use-case-ADR;R5/R6-if-training,ML/Formal/Infrastructure حسب ADR,بحث وتكامل نموذج/عتاد مشروط,E00,,ضغط نموذج مملوك مع retraining حسب البنية,وفورات فعلية على العتاد لا sparsity نظرية فقط,NOT_CONNECTED,P17,nexa-execution-plan.ar.md#p17,PLANNED_NOT_IMPLEMENTED_BY_THIS_DOCUMENT
B067,LoRA,N,غير ظاهر في نطاق الفحص,R8,P3,R1;R2;use-case-ADR;R5/R6-if-training,ML/Formal/Infrastructure حسب ADR,بحث وتكامل نموذج/عتاد مشروط,"E00,E11",packages/cells/celia/learning/src/data.js;packages/cells/celia/learning/src/models.js;tools/celia-learning-store.mjs;tools/celia-learning.mjs;tests/celia-learning.test.js;docs/celia-adaptive-learning.ar.md,مذكورة مرجعيًا فقط؛ port تدريب منفصل وببيانات مرخصة,adapter checkpoint حقيقي مع eval مستقل ونسخة أساس مثبتة,NOT_CONNECTED,P17,nexa-execution-plan.ar.md#p17,PLANNED_NOT_IMPLEMENTED_BY_THIS_DOCUMENT
B068,Adapter Layers,N,غير ظاهر في نطاق الفحص,R8,P3,R1;R2;use-case-ADR;R5/R6-if-training,ML/Formal/Infrastructure حسب ADR,بحث وتكامل نموذج/عتاد مشروط,E00,,إضافات داخل نموذج neural لا خلطها بـAPI adapters,تبديل adapter لا يخلط بيانات العملاء ويطابق baseline سلامة,NOT_CONNECTED,P17,nexa-execution-plan.ar.md#p17,PLANNED_NOT_IMPLEMENTED_BY_THIS_DOCUMENT
B069,Mixture-of-Agents,P,جزئي أو أساس قريب,R7,P2,R4;R5;R6-if-learned,Agent + Evaluation,مسارات ووكلاء ومحاكاة مقاسة,"E13,E24",packages/cell/src/lifecycle.js;packages/cell/src/health.js;packages/cell/src/homeostasis.js;packages/cell/src/membrane.js;packages/cell/src/tissue.js;packages/cell/src/organism.js;tests/cellular.test.js;packages/cells/celia/infinite/src/multiverse-engine.js;packages/cells/celia/infinite/src/swarm-pheromone.js;packages/cells/celia/dsl/src/consensus-dsl.js,بنية خلايا موجودة؛ تنسيق نماذج متخصصين وتحكيم محدود,قياس قيمة مضافة مقابل وكيل واحد بنفس الميزانية,NOT_CONNECTED,P16,nexa-execution-plan.ar.md#p16,PLANNED_NOT_IMPLEMENTED_BY_THIS_DOCUMENT
B070,Debate System,D,ديمو/محاكاة,R7,P2,R4;R5;R6-if-learned,Agent + Evaluation,مسارات ووكلاء ومحاكاة مقاسة,E24,packages/cells/celia/infinite/src/multiverse-engine.js;packages/cells/celia/infinite/src/swarm-pheromone.js;packages/cells/celia/dsl/src/consensus-dsl.js,ConsensusDSL يصف ويحاكي؛ يلزم نقاش مبني على أدلة,حد جولات وامتناع عند التعارض لا موافقة على صلاحية بالتصويت,NOT_CONNECTED,P16,nexa-execution-plan.ar.md#p16,PLANNED_NOT_IMPLEMENTED_BY_THIS_DOCUMENT
B071,Voting Agents,D,ديمو/محاكاة,R7,P2,R4;R5;R6-if-learned,Agent + Evaluation,مسارات ووكلاء ومحاكاة مقاسة,E24,packages/cells/celia/infinite/src/multiverse-engine.js;packages/cells/celia/infinite/src/swarm-pheromone.js;packages/cells/celia/dsl/src/consensus-dsl.js,التصويت الحالي محاكاة؛ هويات quorum وتعارض موثقة,منع Sybil ومنع تصويت عدة نسخ على دليل واحد كأنه مستقل,NOT_CONNECTED,P16,nexa-execution-plan.ar.md#p16,PLANNED_NOT_IMPLEMENTED_BY_THIS_DOCUMENT
B072,Judge Model,N,غير ظاهر في نطاق الفحص,R6,P2,R2;R4;R5;reviewed-data,ML + Evaluation,تعلم مرشح وتقييم ومعايرة,"E00,E11",packages/cells/celia/learning/src/data.js;packages/cells/celia/learning/src/models.js;tools/celia-learning-store.mjs;tools/celia-learning.mjs;tests/celia-learning.test.js;docs/celia-adaptive-learning.ar.md,rubric ونموذج تقييم مستقل ومراجع بشرية,قياس agreement وposition bias ورفض تعليمات داخل المخرج المقيم,NOT_CONNECTED,P14,nexa-execution-plan.ar.md#p14,PLANNED_NOT_IMPLEMENTED_BY_THIS_DOCUMENT
B073,Critic Model,P,جزئي أو أساس قريب,R6,P2,R2;R4;R5;reviewed-data,ML + Evaluation,تعلم مرشح وتقييم ومعايرة,E06,packages/learning/src/reflection.js;packages/learning/src/knowledge.js;packages/learning/src/hypothesis.js;packages/learning/src/benchmark.js;packages/learning/src/learner.js;tests/omega-learning.test.js,reflection ليست critic مدرّبًا؛ أضف نقدًا موصولًا بأدلة,يجد عيوبًا معروفة دون تبديل الأذونات أو اعتماد نفسه,NOT_CONNECTED,P14,nexa-execution-plan.ar.md#p14,PLANNED_NOT_IMPLEMENTED_BY_THIS_DOCUMENT
B074,Planner-Executor,M,موجود محليًا محدود,R4,P1,R2;R3,Agent + QA,وكيل إصلاح محدود وقابل للقياس,"E04,E05",packages/cells/celia/planner/src/grok.js;packages/cells/celia/executor/src/executor.js;packages/cells/celia/executor/src/tool-registry.js;packages/cells/celia/executor/src/adaptive-dag.js;tools/dag-executor.mjs;packages/runtime/src/machine.js;packages/runtime/src/authority.js;packages/runtime/src/session.js;packages/runtime/src/healer.js;packages/runtime/src/breaker.js;tests/omega-runtime.test.js,الفصل موجود؛ اجعل gateway حدًا إلزاميًا لا مجرد convention,planner لا ينفذ أو يوقع grants حتى عند مخرجات عدائية,CONNECTED_LIMITED,P12,nexa-execution-plan.ar.md#p12,PLANNED_NOT_IMPLEMENTED_BY_THIS_DOCUMENT
B075,Manager-Worker,P,جزئي أو أساس قريب,R7,P2,R4;R5;R6-if-learned,Agent + Evaluation,مسارات ووكلاء ومحاكاة مقاسة,"E13,E22",packages/cell/src/lifecycle.js;packages/cell/src/health.js;packages/cell/src/homeostasis.js;packages/cell/src/membrane.js;packages/cell/src/tissue.js;packages/cell/src/organism.js;tests/cellular.test.js;packages/cells/celia/infinite/src/actor-mailbox.js,organs/tissues أساس؛ workers بقدرات فرعية مقيدة,لا توسيع delegated authority؛ إلغاء worker يوقف مهمته,NOT_CONNECTED,P16,nexa-execution-plan.ar.md#p16,PLANNED_NOT_IMPLEMENTED_BY_THIS_DOCUMENT
B076,Specialist Agents,P,جزئي أو أساس قريب,R7,P2,R4;R5;R6-if-learned,Agent + Evaluation,مسارات ووكلاء ومحاكاة مقاسة,E13,packages/cell/src/lifecycle.js;packages/cell/src/health.js;packages/cell/src/homeostasis.js;packages/cell/src/membrane.js;packages/cell/src/tissue.js;packages/cell/src/organism.js;tests/cellular.test.js,specialization موجودة؛ أضف عقود خبرة وتقييم واقعي,كل تخصص يتفوق في نطاقه ولا يدعي صلاحية خارج العقد,NOT_CONNECTED,P16,nexa-execution-plan.ar.md#p16,PLANNED_NOT_IMPLEMENTED_BY_THIS_DOCUMENT
B077,Swarm Intelligence,D,ديمو/محاكاة,R7,P2,R4;R5;R6-if-learned,Agent + Evaluation,مسارات ووكلاء ومحاكاة مقاسة,E24,packages/cells/celia/infinite/src/multiverse-engine.js;packages/cells/celia/infinite/src/swarm-pheromone.js;packages/cells/celia/dsl/src/consensus-dsl.js,pheromone demo ليس جودة جماعية مثبتة,قياس coordination/liveness وكلفة الاتصال تحت فشل بعض الوكلاء,NOT_CONNECTED,P16,nexa-execution-plan.ar.md#p16,PLANNED_NOT_IMPLEMENTED_BY_THIS_DOCUMENT
B078,Blackboard Architecture,P,جزئي أو أساس قريب,R7,P2,R4;R5;R6-if-learned,Agent + Evaluation,مسارات ووكلاء ومحاكاة مقاسة,"E07,E22",packages/runtime/src/memory.js;packages/cells/celia/memory/src/lifecycle.js;packages/cells/celia/memory/src/procedural-store.js;packages/cells/celia/memory/src/belief-engine.js;packages/cells/celia/memory/src/governed-engine.js;packages/cells/celia/memory/src/vector-store.js;packages/cells/celia/infinite/src/actor-mailbox.js,مخازن محلية أساس؛ مساحة مشتركة بنسخ وملكية وصلاحيات,منع lost updates وعدم قراءة عامل لمعلومة خارج نطاقه,NOT_CONNECTED,P16,nexa-execution-plan.ar.md#p16,PLANNED_NOT_IMPLEMENTED_BY_THIS_DOCUMENT
B079,Actor Model,P,جزئي أو أساس قريب,R2,P1,R1,Backend + Data + SRE,حالة وبيانات وتشغيل دائم,E22,packages/cells/celia/infinite/src/actor-mailbox.js,mailbox محلي موجود؛ يلزم isolation وsupervision حقيقيان,تعطل actor لا يفسد آخر وتسليم الرسائل موثق,NOT_CONNECTED,P06,nexa-execution-plan.ar.md#p06,PLANNED_NOT_IMPLEMENTED_BY_THIS_DOCUMENT
B080,Workflow Engine,P,جزئي أو أساس قريب,R2,P1,R1,Backend + Data + SRE,حالة وبيانات وتشغيل دائم,"E04,E05",packages/cells/celia/planner/src/grok.js;packages/cells/celia/executor/src/executor.js;packages/cells/celia/executor/src/tool-registry.js;packages/cells/celia/executor/src/adaptive-dag.js;tools/dag-executor.mjs;packages/runtime/src/machine.js;packages/runtime/src/authority.js;packages/runtime/src/session.js;packages/runtime/src/healer.js;packages/runtime/src/breaker.js;tests/omega-runtime.test.js,DAG فعلي جزئي؛ توحيد التنفيذ الدائم ومعاملات الخطوات,resume/cancel/retry مع نفس النتائج وحدود الصلاحية,CONNECTED_LIMITED,P06,nexa-execution-plan.ar.md#p06,PLANNED_NOT_IMPLEMENTED_BY_THIS_DOCUMENT
B081,State Persistence,P,جزئي أو أساس قريب,R2,P1,R1,Backend + Data + SRE,حالة وبيانات وتشغيل دائم,"E09,E10,E11",tools/celia-workspace-write-auth.mjs;tools/celia-workspace-commit-auth.mjs;tools/celia-workspace-commit-port.mjs;tools/celia-commit-consumption-store.mjs;tools/celia-workspace-port.mjs;tests/celia-workspace-commit-hardening.test.js;tests/celia-workspace-commit-persistence.test.js;docs/celia-workspace-commit-h1-persistence.ar.md;packages/evidence/index.js;packages/runtime/src/ledger.js;packages/cells/celia/executor/src/event-sourcing.js;tests/evidence.test.js;packages/cells/celia/learning/src/data.js;packages/cells/celia/learning/src/models.js;tools/celia-learning-store.mjs;tools/celia-learning.mjs;tests/celia-learning.test.js;docs/celia-adaptive-learning.ar.md,H1/collector دائمان فقط؛ بقية mission state غير مكتملة,restart يعيد sessions/workflows دون إحياء تفويضات أو فقد قرارات,NOT_CONNECTED,P06,nexa-execution-plan.ar.md#p06,PLANNED_NOT_IMPLEMENTED_BY_THIS_DOCUMENT
B082,Session Manager,P,جزئي أو أساس قريب,R1,P0,R0,Security + Platform,بوابة تنفيذ وعزل وهوية موحدة,"E05,E14",packages/runtime/src/machine.js;packages/runtime/src/authority.js;packages/runtime/src/session.js;packages/runtime/src/healer.js;packages/runtime/src/breaker.js;tests/omega-runtime.test.js;packages/cells/google/identity/src/verify.js;packages/cells/google/identity/src/bindings.js;packages/cells/google/gateway/src/approvals.js;packages/cells/google/gateway/src/limiter.js;packages/cells/google/gateway/src/vault.js;packages/cells/google/gateway/src/scan.js;packages/cells/google/gateway/src/classes.js;tests/google-gateway.test.js;tests/google-binding.test.js,openSession وربط هوية موجودان؛ يلزم lifecycle تطبيقي دائم,expiry/logout/revoke وعزل جهازين ومستخدمين,NOT_CONNECTED,P04,nexa-execution-plan.ar.md#p04,PLANNED_NOT_IMPLEMENTED_BY_THIS_DOCUMENT
B083,Identity Memory,P,جزئي أو أساس قريب,R2,P1,R1,Backend + Data + SRE,حالة وبيانات وتشغيل دائم,"E07,E08,E14",packages/runtime/src/memory.js;packages/cells/celia/memory/src/lifecycle.js;packages/cells/celia/memory/src/procedural-store.js;packages/cells/celia/memory/src/belief-engine.js;packages/cells/celia/memory/src/governed-engine.js;packages/cells/celia/memory/src/vector-store.js;tools/celia-memory-port.mjs;tools/celia-vector-port.mjs;supabase/migrations/20260920_celia_memory_init.sql;supabase/migrations/20260921_pgvector.sql;packages/cells/google/identity/src/verify.js;packages/cells/google/identity/src/bindings.js;packages/cells/google/gateway/src/approvals.js;packages/cells/google/gateway/src/limiter.js;packages/cells/google/gateway/src/vault.js;packages/cells/google/gateway/src/scan.js;packages/cells/google/gateway/src/classes.js;tests/google-gateway.test.js;tests/google-binding.test.js,ownerKid موجود؛ principal-to-row mapping وRLS غير محسومين,A/B SELECT/INSERT/UPDATE/DELETE مع USING وWITH CHECK,NOT_CONNECTED,P06,nexa-execution-plan.ar.md#p06,PLANNED_NOT_IMPLEMENTED_BY_THIS_DOCUMENT
B084,Preference Learning,P,جزئي أو أساس قريب,R6,P2,R2;R4;R5;reviewed-data,ML + Evaluation,تعلم مرشح وتقييم ومعايرة,E11,packages/cells/celia/learning/src/data.js;packages/cells/celia/learning/src/models.js;tools/celia-learning-store.mjs;tools/celia-learning.mjs;tests/celia-learning.test.js;docs/celia-adaptive-learning.ar.md,مراجعات ترتيب إصلاح لا نموذج تفضيلات شامل؛ حدد objective,تحسن على تفضيلات جديدة دون تعلّم إلغاء قواعد الأمان,NOT_CONNECTED,P14,nexa-execution-plan.ar.md#p14,PLANNED_NOT_IMPLEMENTED_BY_THIS_DOCUMENT
B085,User Modeling,N,غير ظاهر في نطاق الفحص,R6,P2,R2;R4;R5;reviewed-data,ML + Evaluation,تعلم مرشح وتقييم ومعايرة,E00,,نموذج مستخدم opt-in محدود قابل للمحو والتصحيح,عزل المستخدمين وعدم استنتاج صفات حساسة بلا ضرورة وموافقة,NOT_CONNECTED,P14,nexa-execution-plan.ar.md#p14,PLANNED_NOT_IMPLEMENTED_BY_THIS_DOCUMENT
B086,Intent Classification,P,جزئي أو أساس قريب,R4,P1,R2;R3,Agent + QA,وكيل إصلاح محدود وقابل للقياس,"E04,E07",packages/cells/celia/planner/src/grok.js;packages/cells/celia/executor/src/executor.js;packages/cells/celia/executor/src/tool-registry.js;packages/cells/celia/executor/src/adaptive-dag.js;tools/dag-executor.mjs;packages/runtime/src/memory.js;packages/cells/celia/memory/src/lifecycle.js;packages/cells/celia/memory/src/procedural-store.js;packages/cells/celia/memory/src/belief-engine.js;packages/cells/celia/memory/src/governed-engine.js;packages/cells/celia/memory/src/vector-store.js,taskIntent نصي ليس classifier؛ إضافة تصنيف مع abstention,مصفوفة التباس ورفض نية مبهمة وعدم مساواة النية بالإذن,NOT_CONNECTED,P12,nexa-execution-plan.ar.md#p12,PLANNED_NOT_IMPLEMENTED_BY_THIS_DOCUMENT
B087,Goal Management,P,جزئي أو أساس قريب,R4,P1,R2;R3,Agent + QA,وكيل إصلاح محدود وقابل للقياس,"E04,E05",packages/cells/celia/planner/src/grok.js;packages/cells/celia/executor/src/executor.js;packages/cells/celia/executor/src/tool-registry.js;packages/cells/celia/executor/src/adaptive-dag.js;tools/dag-executor.mjs;packages/runtime/src/machine.js;packages/runtime/src/authority.js;packages/runtime/src/session.js;packages/runtime/src/healer.js;packages/runtime/src/breaker.js;tests/omega-runtime.test.js,goals موجودة؛ يلزم versions وsuccess predicates وتغيير مراقب,تغيير الهدف يبطل الخطة والموافقة القديمة إن تغير الأثر,CONNECTED_LIMITED,P12,nexa-execution-plan.ar.md#p12,PLANNED_NOT_IMPLEMENTED_BY_THIS_DOCUMENT
B088,Goal Decomposition,P,جزئي أو أساس قريب,R4,P1,R2;R3,Agent + QA,وكيل إصلاح محدود وقابل للقياس,E04,packages/cells/celia/planner/src/grok.js;packages/cells/celia/executor/src/executor.js;packages/cells/celia/executor/src/tool-registry.js;packages/cells/celia/executor/src/adaptive-dag.js;tools/dag-executor.mjs,توسيع DAG إلى أهداف فرعية قابلة للاختبار,ترابط كل خطوة بهدف وشرط نهاية بلا خطوات غير مبررة,NOT_CONNECTED,P12,nexa-execution-plan.ar.md#p12,PLANNED_NOT_IMPLEMENTED_BY_THIS_DOCUMENT
B089,Priority Reasoning,P,جزئي أو أساس قريب,R4,P1,R2;R3,Agent + QA,وكيل إصلاح محدود وقابل للقياس,E22,packages/cells/celia/infinite/src/actor-mailbox.js,priority queue لا تختار قيمة الأهداف؛ إضافة قواعد صريحة,الأولوية لا تكسر dependency أو budget أو تنفذ فعلًا ممنوعًا,NOT_CONNECTED,P12,nexa-execution-plan.ar.md#p12,PLANNED_NOT_IMPLEMENTED_BY_THIS_DOCUMENT
B090,Conflict Resolution,P,جزئي أو أساس قريب,R4,P1,R2;R3,Agent + QA,وكيل إصلاح محدود وقابل للقياس,"E07,E12",packages/runtime/src/memory.js;packages/cells/celia/memory/src/lifecycle.js;packages/cells/celia/memory/src/procedural-store.js;packages/cells/celia/memory/src/belief-engine.js;packages/cells/celia/memory/src/governed-engine.js;packages/cells/celia/memory/src/vector-store.js;packages/evolution/src/manifest.js;packages/evolution/src/gate.js;packages/evolution/src/registry.js;packages/cellular-evolution/index.js;tests/omega-evolution.test.js,belief revision/quarantine أساس؛ سياسة تضارب أهداف وأدلة,تعارض غير قابل للحل يصعّد لإنسان بدل اختيار عشوائي,NOT_CONNECTED,P12,nexa-execution-plan.ar.md#p12,PLANNED_NOT_IMPLEMENTED_BY_THIS_DOCUMENT
B091,Decision Theory,N,غير ظاهر في نطاق الفحص,R8,P3,R1;R2;use-case-ADR;R5/R6-if-training,ML/Formal/Infrastructure حسب ADR,بحث وتكامل نموذج/عتاد مشروط,E00,,نموذج قرار بمنفعة وتكلفة وافتراضات معلنة عند الحاجة,قرار أمثل لمسألة مرجعية وحساسية واضحة لتغير الافتراضات,NOT_CONNECTED,P17,nexa-execution-plan.ar.md#p17,PLANNED_NOT_IMPLEMENTED_BY_THIS_DOCUMENT
B092,Utility Engine,P,جزئي أو أساس قريب,R6,P2,R2;R4;R5;reviewed-data,ML + Evaluation,تعلم مرشح وتقييم ومعايرة,"E07,E11",packages/runtime/src/memory.js;packages/cells/celia/memory/src/lifecycle.js;packages/cells/celia/memory/src/procedural-store.js;packages/cells/celia/memory/src/belief-engine.js;packages/cells/celia/memory/src/governed-engine.js;packages/cells/celia/memory/src/vector-store.js;packages/cells/celia/learning/src/data.js;packages/cells/celia/learning/src/models.js;tools/celia-learning-store.mjs;tools/celia-learning.mjs;tests/celia-learning.test.js;docs/celia-adaptive-learning.ar.md,utility heuristics موجودة؛ اربطها بهدف ومقاييس حقيقية,تحسن المنفعة لا يكافئ إخفاء فشل أو تسريب بيانات,NOT_CONNECTED,P14,nexa-execution-plan.ar.md#p14,PLANNED_NOT_IMPLEMENTED_BY_THIS_DOCUMENT
B093,Risk Engine,P,جزئي أو أساس قريب,R1,P0,R0,Security + Platform,بوابة تنفيذ وعزل وهوية موحدة,E14,packages/cells/google/identity/src/verify.js;packages/cells/google/identity/src/bindings.js;packages/cells/google/gateway/src/approvals.js;packages/cells/google/gateway/src/limiter.js;packages/cells/google/gateway/src/vault.js;packages/cells/google/gateway/src/scan.js;packages/cells/google/gateway/src/classes.js;tests/google-gateway.test.js;tests/google-binding.test.js,action classes أساس؛ طبقات مخاطر بقواعد لا score حر,الفعل عالي الخطورة يتطلب موافقة ثابتة مهما كانت درجة ML,CONNECTED_LIMITED,P04,nexa-execution-plan.ar.md#p04,PLANNED_NOT_IMPLEMENTED_BY_THIS_DOCUMENT
B094,Uncertainty Calibration,N,غير ظاهر في نطاق الفحص,R6,P2,R2;R4;R5;reviewed-data,ML + Evaluation,تعلم مرشح وتقييم ومعايرة,"E00,E11",packages/cells/celia/learning/src/data.js;packages/cells/celia/learning/src/models.js;tools/celia-learning-store.mjs;tools/celia-learning.mjs;tests/celia-learning.test.js;docs/celia-adaptive-learning.ar.md,scorer الحالي calibrated:false؛ معايرة على holdout مستقل,ECE/Brier وrisk-coverage مع تجنب استعمال نفس بيانات الضبط كاختبار,NOT_CONNECTED,P14,nexa-execution-plan.ar.md#p14,PLANNED_NOT_IMPLEMENTED_BY_THIS_DOCUMENT
B095,Abstention System,P,جزئي أو أساس قريب,R4,P1,R2;R3,Agent + QA,وكيل إصلاح محدود وقابل للقياس,"E04,E11",packages/cells/celia/planner/src/grok.js;packages/cells/celia/executor/src/executor.js;packages/cells/celia/executor/src/tool-registry.js;packages/cells/celia/executor/src/adaptive-dag.js;tools/dag-executor.mjs;packages/cells/celia/learning/src/data.js;packages/cells/celia/learning/src/models.js;tools/celia-learning-store.mjs;tools/celia-learning.mjs;tests/celia-learning.test.js;docs/celia-adaptive-learning.ar.md,refuse وunseen-strategy موجودان؛ تعميم الامتناع بسبب نقص الأدلة,ينخفض false confident acceptance ضمن تغطية معلنة,CONNECTED_LIMITED,P12,nexa-execution-plan.ar.md#p12,PLANNED_NOT_IMPLEMENTED_BY_THIS_DOCUMENT
B096,Fact Verification,P,جزئي أو أساس قريب,R5,P1,R1;R2,QA + Security + Knowledge,جودة وتحقق ومعرفة,"E06,E23",packages/learning/src/reflection.js;packages/learning/src/knowledge.js;packages/learning/src/hypothesis.js;packages/learning/src/benchmark.js;packages/learning/src/learner.js;tests/omega-learning.test.js;tools/celia-learning-research.mjs;tests/celia-learning.test.js;docs/celia-adaptive-learning.ar.md,knowledge promotion ومراجع أساس؛ أضف فحص مصادر مستقلًا,ادعاءات متعارضة/قديمة/غير مسندة لا تصبح VERIFIED تلقائيًا,NOT_CONNECTED,P15,nexa-execution-plan.ar.md#p15,PLANNED_NOT_IMPLEMENTED_BY_THIS_DOCUMENT
B097,Claim Decomposition,N,غير ظاهر في نطاق الفحص,R5,P1,R1;R2,QA + Security + Knowledge,جودة وتحقق ومعرفة,"E00,E06",packages/learning/src/reflection.js;packages/learning/src/knowledge.js;packages/learning/src/hypothesis.js;packages/learning/src/benchmark.js;packages/learning/src/learner.js;tests/omega-learning.test.js,تفكيك المخرجات إلى claims ذرية مع حفظ شروطها,لا إسقاط نفي أو قيد زمني عند التقسيم,NOT_CONNECTED,P15,nexa-execution-plan.ar.md#p15,PLANNED_NOT_IMPLEMENTED_BY_THIS_DOCUMENT
B098,Source Reliability Model,N,غير ظاهر في نطاق الفحص,R5,P1,R1;R2,QA + Security + Knowledge,جودة وتحقق ومعرفة,"E00,E23",tools/celia-learning-research.mjs;tests/celia-learning.test.js;docs/celia-adaptive-learning.ar.md,تقييم مصدر بنطاق وتاريخ وأصل؛ الشهرة وحدها ليست حقيقة,مصدر منسوخ أو معاد نشره لا يرفع الثقة كدليل مستقل,NOT_CONNECTED,P15,nexa-execution-plan.ar.md#p15,PLANNED_NOT_IMPLEMENTED_BY_THIS_DOCUMENT
B099,Evidence Aggregation,P,جزئي أو أساس قريب,R5,P1,R1;R2,QA + Security + Knowledge,جودة وتحقق ومعرفة,"E06,E10",packages/learning/src/reflection.js;packages/learning/src/knowledge.js;packages/learning/src/hypothesis.js;packages/learning/src/benchmark.js;packages/learning/src/learner.js;tests/omega-learning.test.js;packages/evidence/index.js;packages/runtime/src/ledger.js;packages/cells/celia/executor/src/event-sourcing.js;tests/evidence.test.js,refs موجودة؛ تجميع مع كشف التكرار والتعارض والاعتماد,عشرة اقتباسات من المصدر نفسه لا تحتسب عشرة أدلة,NOT_CONNECTED,P15,nexa-execution-plan.ar.md#p15,PLANNED_NOT_IMPLEMENTED_BY_THIS_DOCUMENT
B100,Decision Provenance,P,جزئي أو أساس قريب,R2,P1,R1,Backend + Data + SRE,حالة وبيانات وتشغيل دائم,"E10,E11",packages/evidence/index.js;packages/runtime/src/ledger.js;packages/cells/celia/executor/src/event-sourcing.js;tests/evidence.test.js;packages/cells/celia/learning/src/data.js;packages/cells/celia/learning/src/models.js;tools/celia-learning-store.mjs;tools/celia-learning.mjs;tests/celia-learning.test.js;docs/celia-adaptive-learning.ar.md,ربط القرار بالسياسة والنموذج والمدخلات والأدلة وإصداراتها,يمكن إعادة تدقيق القرار دون تخزين سلسلة تفكير خاصة أو أسرار,CONNECTED_LIMITED,P06,nexa-execution-plan.ar.md#p06,PLANNED_NOT_IMPLEMENTED_BY_THIS_DOCUMENT
